timestamp,x,y,z
900788118752032,0.007182605,-0.019153614,-0.059855044
900788138822378,-0.04309563,-0.01436521,-0.04309563
900788158830878,-0.01436521,-0.011971008,-0.02873042
900788198865800,-0.01436521,0.02873042,-0.023942016
900788198865800,-0.01436521,0.02873042,-0.023942016
900788218878147,-0.0047884034,0.009576807,-0.07182605
900788239448339,0.0023942017,0.0023942017,-0.011971008
900788260392723,0.05267244,-0.009576807,-0.0047884034
900788279007031,-0.021547815,0.016759412,-0.047884032
900788299066954,0.035913024,-0.007182605,-0.074220255
900788319192185,0.047884032,-0.021547815,-0.05267244
900788339216838,-0.007182605,0.0,0.007182605
900788359233877,-0.055066638,-0.01436521,-0.079008654
900788379340223,-0.059855044,-0.011971008,-0.019153614
900788400006838,0.023942016,0.009576807,0.035913024
900788421853107,-0.047884032,0.019153614,-0.06703765
900788439662492,-0.035913024,-0.019153614,0.0
900788459767530,-0.033518825,-0.033518825,0.019153614
900788479880069,0.0023942017,-0.0023942017,-0.035913024
900788499985607,0.047884032,0.033518825,-0.04070143
900788520075568,-0.0023942017,0.019153614,-0.0023942017
900788540164453,-0.055066638,-0.02633622,0.0
900788560817991,0.059855044,0.0047884034,-0.088585466
900788581904953,-0.019153614,0.019153614,-0.076614454
900788600488068,-0.009576807,-0.023942016,-0.033518825
900788620580299,0.0047884034,-0.050278235,-0.088585466
900788640668722,0.007182605,-0.055066638,-0.02873042
900788660754760,-0.0047884034,-0.023942016,-0.021547815
900788680847876,0.035913024,-0.009576807,-0.088585466
900788700939299,-0.016759412,0.0,-0.01436521
900788721591298,0.035913024,-0.019153614,-0.019153614
900788743445452,0.021547815,-0.02873042,-0.02873042
900788761248298,0.06464344,-0.02873042,-0.019153614
900788781362644,0.055066638,0.045489833,-0.05267244
900788801475644,-0.038307227,-0.031124622,-0.074220255
900788821583606,-0.06464344,-0.02633622,-0.05746084
900788841624798,0.009576807,0.0,0.019153614
900788861731952,0.0,-0.011971008,-0.035913024
900788882306913,-0.031124622,0.02873042,-0.047884032
900788903276336,0.035913024,0.0,-0.088585466
900788921813490,0.01436521,-0.02873042,-0.05267244
900788941827221,0.0,0.009576807,-0.0047884034
900788961835374,-0.02633622,0.0047884034,-0.021547815
900788981855682,0.045489833,-0.01436521,-0.035913024
900789001893297,0.021547815,-0.05746084,-0.011971008
900789021901990,0.011971008,-0.007182605,-0.02633622
900789042469836,0.0023942017,-0.045489833,-0.07182605
900789064245836,0.06703765,-0.01436521,-0.047884032
900789081958874,-0.007182605,-0.038307227,0.016759412
900789101968759,-0.05267244,-0.01436521,-0.06943185
900789121989335,-0.0047884034,-0.02633622,-0.047884032
900789141997143,0.0,0.011971008,-0.016759412
900789162006181,0.0023942017,0.0,-0.076614454
900789182009604,-0.016759412,-0.045489833,-0.009576807
900789202600604,-0.016759412,0.02873042,-0.033518825
900789223637681,-0.055066638,0.021547815,-0.038307227
900789242231335,0.016759412,-0.0023942017,-0.074220255
900789262342104,-0.033518825,-0.045489833,0.01436521
900789282446181,-0.0023942017,0.033518825,-0.04309563
900789302549142,-0.009576807,-0.02633622,-0.033518825
900789322643835,0.007182605,0.0,-0.02873042
900789342749565,0.009576807,-0.016759412,-0.09816227
900789363410334,0.011971008,0.0,-0.06703765
900789385258757,0.035913024,-0.01436521,-0.04309563
900789403068604,0.02873042,-0.019153614,-0.045489833
900789423178411,0.031124622,-0.035913024,-0.04309563
900789443287603,-0.0023942017,0.019153614,-0.033518825
900789463387103,0.02633622,-0.007182605,-0.01436521
900789483470257,0.033518825,0.031124622,-0.062249243
900789503532026,-0.016759412,-0.033518825,-0.04309563
900789524092949,0.007182605,0.0,-0.0047884034
900789545045795,-0.031124622,0.0,-0.05267244
900789563583180,-0.01436521,-0.016759412,-0.02873042
900789583587641,0.059855044,-0.0047884034,-0.021547815
900789603587795,0.0023942017,-0.0047884034,-0.021547815
900789623660603,0.007182605,0.009576807,-0.04309563
900789643748256,0.023942016,-0.009576807,-0.076614454
900789663851564,-0.011971008,0.033518825,-0.035913024
900789684511179,0.016759412,-0.01436521,0.0023942017
900789706387910,-0.01436521,-0.0047884034,-0.01436521
900789724127218,-0.007182605,-0.019153614,-0.047884032
900789744166910,-0.021547815,0.047884032,-0.05746084
900789764273218,0.0023942017,0.04070143,-0.045489833
900789784350564,-0.023942016,-0.033518825,-0.08140286
900789804420064,0.074220255,0.05267244,-0.007182605
900789824418410,0.0023942017,0.02633622,0.0
900789845004140,0.019153614,0.0047884034,-0.05746084
900789866099140,0.05267244,0.009576807,-0.02873042
900789884684486,0.007182605,0.0047884034,-0.08379706
900789904792217,0.011971008,0.0,-0.011971008
900789924891025,0.038307227,0.01436521,-0.047884032
900789944986140,0.0,-0.007182605,-0.02873042
900789965091063,0.038307227,-0.019153614,0.0
900789985197563,0.019153614,0.016759412,-0.06703765
900790005856832,-0.019153614,0.05267244,0.011971008
900790027722524,0.035913024,0.007182605,-0.033518825
900790045521293,0.0,-0.009576807,-0.079008654
900790065628139,-0.0023942017,0.009576807,-0.088585466
900790085734255,-0.04309563,0.021547815,-0.05267244
900790105823601,-0.031124622,0.02873042,-0.023942016
900790125922139,0.007182605,-0.035913024,-0.02873042
900790146023331,-0.01436521,0.031124622,-0.035913024
900790166681601,0.007182605,-0.007182605,-0.093373865
900790187731177,-0.011971008,0.011971008,-0.016759412
900790206328562,0.007182605,-0.021547815,-0.033518825
900790226417408,-0.01436521,-0.021547815,-0.023942016
900790246517985,0.035913024,-0.019153614,-0.011971008
900790266618831,-0.007182605,-0.009576807,-0.045489833
900790286716600,-0.035913024,-0.019153614,0.0047884034
900790306811177,-0.0023942017,-0.08379706,-0.047884032
900790327470215,-0.021547815,-0.035913024,-0.050278235
900790349328408,-0.02633622,-0.011971008,-0.047884032
900790367125638,0.02873042,-0.02633622,-0.06703765
900790387232600,-0.0023942017,-0.035913024,-0.011971008
900790407333869,0.011971008,-0.007182605,-0.016759412
900790427431061,-0.016759412,-0.031124622,-0.04309563
900790447540369,-0.031124622,-0.0047884034,-0.038307227
900790467645753,-0.021547815,-0.011971008,-0.050278235
900790488304522,0.0047884034,-0.06464344,-0.01436521
900790509403984,-0.021547815,-0.045489833,0.011971008
900790527984753,0.007182605,0.019153614,0.02633622
900790548080061,0.01436521,-0.059855044,-0.06464344
900790568185484,0.021547815,0.0023942017,-0.04070143
900790588212368,0.0,-0.0047884034,-0.02873042
900790608204099,-0.019153614,0.009576807,-0.007182605
900790628306945,-0.02873042,0.0,-0.062249243
900790648966214,0.033518825,-0.021547815,-0.074220255
900790670834176,0.033518825,0.023942016,-0.021547815
900790688636329,-0.023942016,0.009576807,-0.059855044
900790708739906,0.011971008,0.07182605,-0.035913024
900790728845868,-0.016759412,0.01436521,-0.045489833
900790748950291,0.06943185,0.011971008,-0.05746084
900790769055560,-0.009576807,0.023942016,-0.0023942017
900790789161406,0.050278235,0.019153614,-0.02633622
900790809827098,-0.059855044,0.0047884034,-0.08140286
900790830879944,0.021547815,-0.045489833,-0.093373865
900790849503752,-0.0047884034,-0.023942016,-0.023942016
900790869599867,-0.023942016,0.031124622,-0.023942016
900790889695021,-0.06703765,-0.009576807,-0.01436521
900790909797021,-0.033518825,-0.016759412,0.0
900790929905290,0.02633622,-0.019153614,-0.059855044
900790950010751,-0.04070143,0.016759412,-0.05267244
900790970626444,-0.0047884034,0.031124622,-0.009576807
900790992430251,0.011971008,-0.021547815,-0.023942016
900791010234405,0.011971008,-0.035913024,-0.04309563
900791030342982,0.011971008,0.033518825,-0.016759412
900791050446751,0.0,0.011971008,-0.062249243
900791070545789,0.023942016,-0.059855044,-0.038307227
900791090634828,0.01436521,-0.021547815,-0.08619126
900791110732482,-0.0047884034,0.009576807,-0.05267244
900791131381674,-0.04070143,0.0047884034,-0.04070143
900791152468828,0.019153614,0.007182605,-0.05746084
900791171043674,0.011971008,-0.019153614,-0.059855044
900791191152020,-0.01436521,0.0,-0.05746084
900791211257366,-0.007182605,0.016759412,-0.088585466
900791231356058,0.033518825,-0.062249243,-0.04070143
900791251450635,0.0,0.0047884034,-0.011971008
900791271551558,0.0,-0.011971008,-0.04070143
900791292205866,0.007182605,-0.021547815,0.0
900791314074019,-0.033518825,-0.021547815,-0.021547815
900791331888519,-0.016759412,-0.02633622,-0.02633622
900791351974365,-0.016759412,-0.04070143,-0.062249243
900791372071096,0.033518825,-0.007182605,-0.0023942017
900791392174019,0.011971008,-0.0047884034,-0.02873042
900791412283057,-0.038307227,-0.007182605,-0.10055647
900791432389557,-0.016759412,-0.016759412,-0.06943185
900791453054788,0.033518825,0.035913024,-0.023942016
900791474112057,-0.011971008,-0.016759412,-0.04070143
900791492725634,-0.009576807,-0.047884032,-0.035913024
900791512826288,-0.007182605,0.0023942017,-0.076614454
900791532922172,-0.01436521,0.0,-0.04070143
900791553023249,-0.011971008,-0.0023942017,-0.06703765
900791573125595,-0.02633622,-0.04070143,-0.009576807
900791593233595,0.019153614,-0.021547815,-0.047884032
900791613849480,0.05267244,0.0,-0.01436521
900791635717057,0.031124622,0.05746084,-0.047884032
900791653522941,-0.04070143,0.007182605,-0.035913024
900791673615056,0.04309563,0.055066638,-0.055066638
900791693701749,-0.031124622,-0.021547815,-0.05267244
900791713804902,-0.04309563,-0.035913024,-0.031124622
900791733906133,-0.0023942017,-0.021547815,-0.021547815
900791754009364,0.02873042,-0.01436521,-0.04309563
900791774672287,-0.02633622,0.019153614,-0.011971008
900791795761287,0.016759412,-0.0023942017,0.0047884034
900791814334864,0.007182605,0.009576807,-0.023942016
900791834437787,0.009576807,0.02873042,0.021547815
900791854544056,-0.023942016,0.02873042,0.0
900791874644671,0.021547815,-0.019153614,-0.05267244
900791894746363,0.050278235,0.007182605,-0.035913024
900791914841248,0.06703765,0.038307227,0.009576807
900791935498402,0.04070143,0.0,-0.047884032
900791957364825,0.033518825,-0.01436521,-0.04309563
900791975161709,0.01436521,0.007182605,-0.047884032
900791995259055,0.0047884034,-0.009576807,-0.059855044
900792015357747,0.02633622,0.0,-0.047884032
900792035453055,0.023942016,-0.04070143,-0.04070143
900792055548324,0.0,0.011971008,-0.05746084
900792075638093,0.023942016,-0.021547815,-0.011971008
900792096285747,-0.009576807,0.021547815,-0.033518825
900792117322362,-0.0023942017,-0.0047884034,-0.007182605
900792135937247,-0.016759412,-0.050278235,-0.045489833
900792156034555,-0.0023942017,0.016759412,-0.07182605
900792176139362,0.0047884034,-0.038307227,-0.04070143
900792196237978,-0.007182605,-0.011971008,-0.047884032
900792216328747,0.009576807,-0.007182605,-0.05746084
900792236420516,0.021547815,-0.033518825,-0.095768064
900792257066516,-0.050278235,0.031124622,0.01436521
900792278913054,-0.019153614,-0.04309563,-0.031124622
900792296697939,-0.0023942017,-0.035913024,-0.06464344
900792316785439,0.023942016,-0.011971008,-0.079008654
900792336866592,0.0,0.0,-0.04070143
900792356950592,-0.035913024,-0.047884032,-0.011971008
900792377036861,0.0047884034,0.0023942017,0.0
900792397121784,0.007182605,-0.02873042,-0.07182605
900792417765592,0.04309563,-0.02873042,-0.05267244
900792438843707,0.007182605,0.0023942017,-0.074220255
900792457402977,0.04309563,-0.016759412,-0.009576807
900792477480746,0.0047884034,0.0,-0.035913024
900792497566130,-0.016759412,0.016759412,-0.04070143
900792517655361,0.0023942017,0.01436521,-0.033518825
900792537741669,0.0023942017,0.04309563,-0.011971008
900792557829515,-0.021547815,-0.04309563,-0.007182605
900792578472207,0.02633622,0.016759412,-0.06943185
900792600316322,0.02633622,-0.01436521,-0.06943185
900792618098168,0.033518825,-0.02633622,-0.011971008
900792638175668,-0.0023942017,0.0,-0.04309563
900792658251476,-0.007182605,-0.04070143,-0.031124622
900792678347437,-0.0023942017,-0.021547815,-0.02873042
900792698433591,0.0,-0.05267244,-0.095768064
900792718524206,0.01436521,-0.021547815,-0.007182605
900792739173860,0.007182605,-0.02633622,-0.031124622
900792760215822,-0.016759412,0.007182605,-0.050278235
900792778825975,0.009576807,-0.009576807,-0.033518825
900792798920514,0.033518825,-0.016759412,-0.033518825
900792819013591,-0.009576807,-0.021547815,-0.02633622
900792839107283,0.0,-0.0023942017,-0.007182605
900792859192090,-0.035913024,-0.021547815,-0.021547815
900792879284667,0.019153614,0.0023942017,-0.04309563
900792899925244,0.021547815,0.023942016,-0.090979666
900792921771667,-0.035913024,0.021547815,-0.01436521
900792939563552,0.011971008,-0.023942016,-0.023942016
900792959658744,0.12449849,-0.019153614,-0.02873042
900792979756090,0.0,0.007182605,-0.045489833
900792999856782,-0.023942016,0.009576807,-0.04070143
900793019950397,0.007182605,0.0047884034,0.007182605
900793040041205,-0.031124622,-0.05267244,-0.023942016
900793060696167,0.009576807,-0.035913024,-0.062249243
900793081779666,0.023942016,0.04070143,-0.02873042
900793100354397,0.009576807,-0.04070143,-0.074220255
900793120446820,-0.02633622,0.033518825,-0.04070143
900793140534782,-0.035913024,0.02873042,-0.093373865
900793160622012,0.05746084,0.0047884034,-0.035913024
900793180708935,-0.021547815,-0.016759412,-0.06703765
900793200802128,-0.02633622,0.02873042,-0.04070143
900793221446858,0.0023942017,-0.0023942017,-0.023942016
900793243305050,0.007182605,0.02633622,-0.045489833
900793261098166,0.019153614,-0.01436521,-0.06703765
900793281184320,-0.04309563,0.033518825,-0.035913024
900793301274127,0.016759412,-0.0023942017,-0.0023942017
900793321360666,-0.01436521,0.007182605,-0.033518825
900793341452742,0.0023942017,-0.035913024,-0.023942016
900793361549742,0.011971008,-0.009576807,-0.05746084
900793382202319,0.011971008,-0.0047884034,-0.05267244
900793403243281,0.019153614,0.023942016,-0.047884032
900793421844857,0.02873042,0.01436521,-0.011971008
900793441938934,-0.050278235,-0.031124622,0.0047884034
900793462031550,0.0023942017,0.038307227,-0.05267244
900793482114703,0.019153614,0.021547815,-0.06703765
900793502205703,-0.023942016,-0.01436521,-0.050278235
900793522297088,0.019153614,-0.035913024,-0.031124622
900793542935703,0.0023942017,0.0,-0.021547815
900793564786357,0.06464344,-0.02633622,-0.007182605
900793582574626,-0.035913024,-0.0023942017,-0.045489833
900793602669318,0.02633622,0.019153614,-0.07182605
900793622763857,-0.02633622,0.0,0.01436521
900793642862087,-0.011971008,0.038307227,-0.05267244
900793662951549,0.01436521,-0.011971008,-0.02633622
900793683040741,0.062249243,0.04070143,-0.04070143
900793703683472,0.0047884034,0.016759412,-0.038307227
900793724753779,0.02633622,-0.031124622,-0.02873042
900793743343049,-0.0047884034,-0.050278235,-0.076614454
900793763440972,-0.016759412,-0.035913024,-0.047884032
900793783528010,0.031124622,-0.011971008,-0.02633622
900793803621664,-0.019153614,0.019153614,-0.06943185
900793823707933,0.038307227,-0.019153614,-0.033518825
900793843798433,-0.033518825,0.04070143,-0.05267244
900793864445856,-0.01436521,0.045489833,-0.019153614
900793886310586,0.059855044,-0.0023942017,-0.07182605
900793904101894,-0.01436521,0.007182605,-0.0047884034
900793924191471,-0.023942016,0.009576807,-0.110133275
900793944278702,0.0047884034,-0.059855044,-0.0047884034
900793964373048,-0.0023942017,0.031124622,0.016759412
900793984471432,-0.009576807,0.0,-0.011971008
900794004570817,0.011971008,-0.04070143,-0.04070143
900794025229047,0.01436521,0.045489833,-0.079008654
900794046286163,0.01436521,0.0,-0.009576807
900794064850701,0.02633622,-0.011971008,-0.016759412
900794084878855,-0.02873042,0.02633622,-0.009576807
900794104898086,0.021547815,0.007182605,-0.035913024
900794124931547,-0.007182605,0.016759412,-0.047884032
900794144949393,-0.019153614,0.05267244,-0.045489833
900794164970393,0.0023942017,0.011971008,-0.045489833
900794184989085,0.0047884034,0.0023942017,0.01436521
900794205009124,0.009576807,0.011971008,-0.033518825
900794225031931,0.019153614,0.0,-0.090979666
900794245059200,-0.023942016,0.0023942017,-0.05746084
900794265088623,-0.023942016,0.007182605,-0.023942016
900794285115277,-0.01436521,0.0,0.009576807
900794305166739,-0.031124622,0.0023942017,-0.031124622
900794325207008,0.0047884034,0.0,-0.021547815
900794345820162,-0.0023942017,-0.0047884034,-0.01436521
900794366702162,0.0047884034,-0.031124622,-0.047884032
900794385341661,0.047884032,-0.0023942017,-0.08379706
900794405369969,0.033518825,-0.05267244,-0.05746084
900794425964200,-0.009576807,0.011971008,-0.062249243
900794447036277,0.0,-0.0023942017,-0.033518825
900794465499430,0.0,0.007182605,-0.009576807
900794485523353,0.0,0.0,0.04309563
900794505541815,0.088585466,0.021547815,-0.023942016
900794525553776,0.07182605,0.01436521,-0.062249243
900794545560969,0.021547815,0.0047884034,-0.016759412
900794565632699,-0.009576807,-0.009576807,-0.04309563
900794586307045,0.035913024,-0.04309563,-0.045489833
900794605804238,0.021547815,-0.019153614,-0.090979666
900794625834468,-0.0047884034,0.011971008,-0.08619126
900794645850660,-0.021547815,-0.038307227,-0.0023942017
900794665871891,-0.007182605,-0.04309563,-0.04309563
900794685888545,0.0047884034,-0.011971008,-0.038307227
900794705902122,-0.050278235,-0.01436521,-0.076614454
900794725910391,-0.0023942017,-0.016759412,-0.019153614
900794745914468,-0.011971008,-0.04309563,-0.062249243
900794765927275,0.033518825,0.02633622,-0.088585466
900794785941275,0.047884032,-0.02873042,0.0023942017
900794805949544,-0.059855044,-0.016759412,-0.031124622
900794825956929,-0.04309563,0.011971008,-0.02873042
900794845959544,0.047884032,-0.031124622,-0.033518825
900794865973852,0.021547815,-0.04070143,-0.050278235
900794885993429,-0.0023942017,-0.0047884034,-0.047884032
900794905995044,0.0,-0.016759412,-0.062249243
900794926043236,0.07182605,-0.0047884034,-0.088585466
900794946067698,-0.031124622,0.02633622,-0.038307227
900794966167544,0.0047884034,-0.0023942017,-0.04309563
900794986210198,0.045489833,0.023942016,-0.007182605
900795006318890,0.04309563,-0.031124622,-0.011971008
900795026426236,0.007182605,-0.038307227,-0.05746084
900795046534697,0.0,0.0047884034,-0.050278235
900795066594620,-0.0047884034,-0.062249243,-0.08619126
900795086596236,-0.0047884034,-0.023942016,-0.07182605
900795106694389,0.021547815,0.0023942017,0.0023942017
900795126801274,0.021547815,0.031124622,-0.05267244
900795146907312,-0.04309563,-0.05746084,0.033518825
900795167000543,0.10055647,-0.04309563,-0.093373865
900795187095081,0.023942016,-0.05746084,-0.05746084
900795207191235,-0.04309563,-0.031124622,-0.07182605
900795227289504,0.031124622,-0.0023942017,-0.0023942017
900795247392274,-0.011971008,-0.011971008,-0.033518825
900795267465543,-0.007182605,-0.0023942017,-0.062249243
900795287570966,-0.02633622,-0.011971008,-0.08140286
900795307679889,-0.016759412,0.021547815,-0.04070143
900795327738735,-0.0047884034,0.031124622,-0.05267244
900795347835196,0.035913024,0.011971008,-0.06703765
900795367943581,0.009576807,-0.038307227,-0.04070143
900795387997658,-0.031124622,0.0047884034,-0.045489833
900795408064234,0.009576807,-0.01436521,-0.05267244
900795428142234,0.038307227,0.007182605,0.0047884034
900795448176427,-0.04070143,0.06464344,-0.021547815
900795468214350,0.035913024,-0.016759412,-0.06464344
900795488218696,-0.033518825,0.016759412,-0.04309563
900795508258619,0.045489833,-0.011971008,-0.05746084
900795528321965,0.0,-0.02873042,-0.088585466
900795548407042,0.023942016,0.0023942017,-0.021547815
900795568502426,0.011971008,-0.038307227,-0.007182605
900795588598772,0.045489833,-0.023942016,-0.033518825
900795608696926,0.0047884034,0.021547815,-0.05746084
900795628779964,-0.0023942017,-0.011971008,0.0
900795648886657,0.01436521,0.0047884034,-0.04070143
900795668982387,0.0023942017,-0.016759412,-0.06464344
900795689080887,-0.019153614,0.05267244,-0.062249243
900795709172579,0.009576807,0.023942016,-0.038307227
900795729258349,0.007182605,0.0023942017,-0.05267244
900795749344887,-0.033518825,0.01436521,-0.10055647
900795769424233,-0.06464344,0.0,-0.035913024
900795789512964,-0.01436521,0.009576807,-0.05267244
900795809607348,0.0,0.0023942017,-0.033518825
900795829701156,-0.019153614,0.0047884034,-0.01436521
900795849802771,0.06703765,0.0047884034,-0.023942016
900795869902233,0.016759412,0.009576807,-0.035913024
900795890001386,0.035913024,-0.02633622,-0.06703765
900795910095233,-0.0047884034,-0.021547815,-0.076614454
900795930193886,0.0047884034,-0.04070143,-0.009576807
900795950289463,0.01436521,-0.021547815,-0.06703765
900795970384578,-0.0023942017,-0.019153614,-0.093373865
900795990482309,-0.045489833,0.009576807,-0.04070143
900796010579540,-0.01436521,0.045489833,-0.050278235
900796030680001,0.01436521,-0.045489833,0.009576807
900796050789847,0.031124622,0.031124622,-0.033518825
900796070894386,0.009576807,-0.009576807,-0.062249243
900796091007578,-0.02873042,0.0,-0.0023942017
900796111116424,0.023942016,0.02633622,-0.07182605
900796131215770,0.01436521,0.011971008,-0.047884032
900796151311693,-0.016759412,0.007182605,-0.06703765
900796171411309,-0.009576807,0.009576807,-0.023942016
900796191508308,-0.023942016,-0.0023942017,-0.074220255
900796211600962,-0.031124622,0.019153614,-0.059855044
900796231693539,-0.04070143,-0.01436521,-0.062249243
900796251785116,0.02873042,0.019153614,-0.10055647
900796271883077,0.019153614,0.038307227,-0.033518825
900796291973116,0.02873042,-0.011971008,-0.02633622
900796312063500,0.007182605,-0.050278235,-0.04070143
900796332155769,0.021547815,-0.055066638,-0.062249243
900796352251846,-0.062249243,-0.05267244,-0.059855044
900796372347539,-0.031124622,-0.06464344,-0.02633622
900796392449846,0.0,-0.019153614,-0.04070143
900796412552731,-0.038307227,-0.031124622,-0.02873042
900796432649769,-0.04309563,0.0047884034,-0.023942016
900796452745192,-0.050278235,0.02873042,-0.09816227
900796472851384,0.031124622,-0.009576807,-0.059855044
900796492958230,0.023942016,-0.011971008,-0.06943185
900796513045807,-0.0023942017,0.01436521,-0.01436521
900796533147038,-0.009576807,0.0023942017,-0.02873042
900796553249653,-0.0023942017,0.05267244,-0.079008654
900796573348384,0.011971008,-0.01436521,-0.062249243
900796593441538,-0.009576807,-0.01436521,-0.02633622
900796613536615,-0.0047884034,0.021547815,-0.06703765
900796633632653,-0.045489833,-0.009576807,0.0047884034
900796653731230,-0.016759412,0.0,-0.02633622
900796673829268,0.04309563,-0.0023942017,0.019153614
900796693914730,0.06943185,0.023942016,-0.04309563
900796714001845,-0.011971008,-0.02633622,-0.031124622
900796734100191,0.0047884034,-0.02873042,-0.031124622
900796754192191,0.0,-0.031124622,-0.021547815
900796774290806,0.031124622,-0.047884032,-0.0023942017
900796794383652,0.038307227,0.0,-0.023942016
900796814476152,-0.05267244,-0.02873042,-0.035913024
900796834566806,-0.021547815,-0.031124622,-0.007182605
900796854660075,-0.01436521,-0.0047884034,-0.079008654
900796874761229,0.007182605,-0.0023942017,-0.05267244
900796894857421,0.009576807,0.02873042,-0.023942016
900796914954844,-0.016759412,-0.05267244,-0.06943185
900796935046459,0.038307227,0.007182605,-0.033518825
900796955139767,0.035913024,-0.02633622,-0.011971008
900796975222844,-0.021547815,0.009576807,-0.023942016
900796995316767,0.007182605,0.0023942017,0.0
900797015415190,0.05746084,0.04070143,0.0
900797035518190,-0.019153614,-0.04070143,-0.04309563
900797055613767,-0.021547815,0.009576807,-0.04070143
900797075709536,-0.0023942017,0.019153614,-0.023942016
900797095798536,-0.009576807,0.0,-0.047884032
900797115890805,-0.0047884034,0.023942016,-0.02633622
900797135992843,-0.011971008,-0.05746084,-0.055066638
900797156093382,-0.050278235,-0.02633622,-0.05746084
900797176193343,-0.0047884034,-0.01436521,-0.045489833
900797196283228,-0.016759412,-0.0023942017,-0.0023942017
900797216372112,0.04070143,0.059855044,-0.047884032
900797236463151,0.02633622,0.031124622,0.0
900797256557689,0.021547815,0.021547815,-0.021547815
900797276652766,-0.021547815,0.007182605,-0.02873042
900797296740727,0.04070143,-0.04070143,-0.08619126
900797316824343,-0.02873042,-0.04309563,-0.05267244
900797336912073,0.02873042,0.02633622,-0.04309563
900797357013573,-0.04309563,-0.01436521,-0.076614454
900797377078073,-0.023942016,-0.04070143,-0.08379706
900797397161996,0.033518825,-0.038307227,0.0
900797417248727,0.019153614,-0.01436521,-0.05267244
900797437340188,0.016759412,-0.02873042,-0.055066638
900797457433419,0.047884032,0.007182605,-0.031124622
900797477520842,-0.011971008,0.01436521,-0.04309563
900797497607534,0.035913024,-0.02873042,-0.01436521
900797517704419,-0.007182605,0.011971008,-0.0047884034
900797537802649,-0.0023942017,0.011971008,-0.04070143
900797557905380,0.090979666,-0.009576807,-0.074220255
900797578005726,0.011971008,0.0047884034,-0.05267244
900797598097534,0.0,0.009576807,-0.059855044
900797618192303,0.04309563,-0.0047884034,-0.047884032
900797638282341,0.01436521,-0.016759412,-0.016759412
900797658372072,0.016759412,0.0047884034,-0.031124622
900797678468649,0.016759412,-0.0023942017,-0.05267244
900797698563149,-0.023942016,-0.0023942017,-0.023942016
900797718659572,-0.021547815,-0.021547815,-0.023942016
900797738753841,0.023942016,0.007182605,-0.045489833
900797758851379,-0.021547815,0.019153614,-0.047884032
900797778963495,-0.047884032,-0.0023942017,-0.016759412
900797799078110,0.007182605,0.0,-0.05267244
900797819183648,0.016759412,-0.011971008,-0.033518825
900797839280956,-0.01436521,0.031124622,-0.055066638
900797859376687,0.050278235,-0.019153614,-0.07182605
900797879484610,-0.019153614,0.007182605,-0.10534488
900797899580802,0.031124622,-0.06943185,-0.011971008
900797919674186,-0.0023942017,-0.038307227,-0.055066638
900797939772994,-0.04070143,-0.0023942017,-0.038307227
900797959866917,0.02873042,0.009576807,-0.02633622
900797979967263,0.033518825,-0.011971008,-0.050278235
900798000073878,-0.01436521,-0.055066638,-0.0023942017
900798020184032,0.0,0.045489833,-0.0023942017
900798040285840,-0.01436521,0.021547815,0.016759412
900798060383417,0.031124622,0.0,-0.07182605
900798080479917,-0.016759412,-0.0047884034,0.007182605
900798100575263,-0.038307227,0.0,-0.02873042
900798120678263,0.011971008,0.050278235,-0.033518825
900798140786839,0.059855044,0.021547815,-0.059855044
900798160892032,-0.031124622,-0.0047884034,-0.01436521
900798180949378,0.011971008,-0.019153614,-0.011971008
900798200995916,-0.021547815,0.0,-0.045489833
900798221110993,0.0023942017,-0.016759412,-0.031124622
900798241213378,-0.016759412,0.023942016,-0.021547815
900798261323570,0.062249243,-0.023942016,-0.04070143
900798281428954,0.06703765,0.0,-0.02873042
900798301540070,0.0,-0.02873042,-0.02633622
900798321608493,0.031124622,0.055066638,-0.07182605
900798341708146,0.0047884034,-0.0023942017,-0.062249243
900798361800992,-0.009576807,0.031124622,-0.04309563
900798381903339,-0.055066638,-0.02873042,-0.04070143
900798401998685,0.06943185,0.007182605,-0.088585466
900798422088608,0.021547815,0.01436521,-0.06464344
900798442183300,-0.016759412,-0.02873042,-0.019153614
900798462276031,-0.016759412,0.021547815,-0.047884032
900798482366107,-0.019153614,0.0047884034,-0.090979666
900798502465646,0.007182605,0.035913024,0.021547815
900798522556107,-0.021547815,-0.023942016,-0.07182605
900798542654069,0.033518825,0.0047884034,-0.04309563
900798562759761,-0.011971008,0.0,-0.04070143
900798582824684,-0.035913024,0.007182605,-0.05267244
900798602910799,-0.045489833,-0.023942016,-0.01436521
900798623000645,0.007182605,-0.02873042,-0.038307227
900798643093261,0.01436521,-0.016759412,-0.047884032
900798663165414,0.016759412,-0.05267244,-0.021547815
900798683272491,-0.033518825,-0.055066638,-0.095768064
900798703375837,0.021547815,-0.023942016,-0.019153614
900798723481145,0.033518825,0.016759412,0.0
900798743580799,-0.0047884034,-0.0047884034,-0.02873042
900798763679222,0.021547815,-0.023942016,-0.023942016
900798783780029,-0.047884032,0.021547815,-0.035913024
900798803883414,-0.019153614,-0.04309563,-0.02873042
900798823980491,-0.0023942017,0.0,-0.0047884034
900798844067298,-0.016759412,-0.021547815,-0.04309563
900798864153298,-0.007182605,0.0,-0.090979666
900798884243452,0.059855044,0.04309563,0.019153614
900798904334260,-0.0023942017,0.0047884034,-0.011971008
900798924428183,-0.0047884034,0.0047884034,-0.011971008
900798944510298,-0.05267244,0.0,-0.062249243
900798964594913,0.033518825,-0.011971008,-0.02633622
900798984687221,0.0,0.0,-0.06703765
900799004783644,0.074220255,-0.050278235,-0.047884032
900799024878759,0.0023942017,-0.05746084,-0.08140286
900799044968490,-0.02873042,0.011971008,-0.107739076
900799065072182,-0.045489833,0.0023942017,-0.045489833
900799085176259,-0.0023942017,0.016759412,0.019153614
900799105203336,-0.021547815,0.007182605,0.016759412
900799125302951,0.0023942017,-0.01436521,-0.016759412
900799145399143,-0.035913024,0.01436521,-0.05267244
900799165493989,0.031124622,0.009576807,-0.04309563
900799185585912,-0.01436521,-0.019153614,-0.05267244
900799205681797,0.01436521,-0.031124622,-0.08140286
900799225786143,0.016759412,0.031124622,-0.035913024
900799245893335,0.0047884034,0.0,-0.047884032
900799265990489,0.02873042,0.031124622,-0.062249243
900799286060643,-0.0047884034,-0.009576807,-0.02873042
900799306161297,0.021547815,0.023942016,-0.08619126
900799326261373,0.0,0.016759412,-0.033518825
900799346369335,-0.04070143,0.01436521,-0.02873042
900799366445296,0.02633622,-0.0023942017,-0.05746084
900799386543489,0.0023942017,0.031124622,-0.05746084
900799406642027,-0.019153614,0.074220255,-0.019153614
900799426744681,0.0,-0.055066638,-0.045489833
900799446849527,-0.011971008,0.016759412,-0.08619126
900799466950065,0.059855044,-0.011971008,-0.062249243
900799487038142,0.038307227,0.0023942017,-0.021547815
900799507127603,0.033518825,0.031124622,-0.031124622
900799527226219,-0.011971008,0.04070143,-0.009576807
900799547319373,0.019153614,-0.0047884034,-0.007182605
900799567406065,0.02633622,0.009576807,-0.045489833
900799587495911,0.035913024,-0.009576807,-0.062249243
900799607587718,0.01436521,-0.045489833,-0.033518825
900799627687295,-0.021547815,-0.016759412,-0.08619126
900799647780680,-0.033518825,0.0047884034,-0.090979666
900799667886295,-0.033518825,-0.0047884034,-0.047884032
900799687912064,-0.016759412,0.023942016,-0.011971008
900799707940564,0.050278235,0.016759412,-0.011971008
900799727957449,0.019153614,-0.01436521,0.02873042
900799747981833,0.033518825,0.02633622,-0.011971008
900799768008795,0.05267244,-0.035913024,-0.04070143
900799788037218,0.04309563,0.0,-0.011971008
900799808065410,0.0,-0.016759412,-0.05267244
900799828105756,-0.035913024,0.0,-0.023942016
900799848140218,-0.009576807,-0.035913024,-0.02633622
900799868174833,-0.011971008,-0.023942016,-0.035913024
900799888200140,0.011971008,0.045489833,-0.0047884034
900799908222102,0.021547815,-0.035913024,-0.01436521
900799928258986,0.011971008,0.01436521,-0.10295067
900799948279871,-0.023942016,0.0,-0.031124622
900799968298948,-0.033518825,-0.0023942017,-0.095768064
900799988319486,0.0,0.007182605,0.007182605
900800008343371,-0.007182605,-0.0047884034,-0.031124622
900800028370601,-0.01436521,-0.009576807,-0.021547815
900800048398371,-0.007182605,0.02873042,-0.031124622
900800068419255,-0.05267244,0.038307227,-0.033518825
900800088424447,0.021547815,0.016759412,-0.05267244
900800108509255,0.04070143,0.023942016,-0.016759412
900800128507755,0.04309563,0.0047884034,-0.04070143
900800148517947,0.0023942017,-0.079008654,-0.04070143
900800168529524,0.031124622,0.007182605,-0.04309563
900800188581947,0.05267244,-0.055066638,-0.07182605
900800208696370,-0.019153614,0.0,-0.08619126
900800228804447,0.009576807,-0.062249243,-0.023942016
900800248905101,0.02633622,0.007182605,-0.06703765
900800269009754,-0.019153614,0.038307227,-0.10055647
900800289097293,0.011971008,-0.02633622,-0.055066638
900800309168331,-0.04070143,-0.007182605,-0.031124622
900800329173446,-0.016759412,0.023942016,-0.047884032
900800349253793,0.021547815,0.009576807,-0.023942016
900800369376023,0.016759412,-0.016759412,0.009576807
900800389465523,-0.011971008,0.007182605,-0.06703765
900800409563638,-0.0023942017,-0.050278235,-0.047884032
900800429654831,0.033518825,0.021547815,-0.02873042
900800449742061,-0.011971008,-0.009576807,-0.06464344
900800469840484,0.009576807,0.019153614,-0.033518825
900800489933600,0.0,-0.02633622,-0.035913024
900800510028292,-0.019153614,0.016759412,-0.07182605
900800530115638,0.009576807,-0.019153614,-0.021547815
900800550206407,-0.06464344,-0.011971008,-0.019153614
900800570308946,0.021547815,-0.016759412,-0.035913024
900800590404138,-0.02633622,0.016759412,-0.074220255
900800610490907,-0.01436521,-0.033518825,-0.033518825
900800630485138,0.019153614,0.009576807,-0.074220255
900800650579945,-0.023942016,-0.016759412,-0.016759412
900800670683561,0.02873042,-0.0023942017,-0.011971008
900800690791022,0.088585466,-0.0047884034,-0.05746084
900800710894099,0.007182605,0.0,-0.062249243
900800730989945,-0.021547815,-0.011971008,-0.079008654
900800751082522,0.011971008,0.06464344,-0.110133275
900800771167945,0.031124622,0.038307227,-0.038307227
900800791265675,0.02873042,-0.038307227,-0.035913024
900800811357022,-0.01436521,-0.019153614,-0.011971008
900800831452945,0.021547815,0.02633622,-0.016759412
900800851549598,0.0,0.01436521,-0.07182605
900800871648560,-0.011971008,-0.062249243,-0.033518825
900800891732944,0.0047884034,0.033518825,-0.07182605
900800911825983,-0.02633622,-0.05267244,0.019153614
900800931908483,-0.007182605,-0.0047884034,-0.05746084
900800952007213,0.019153614,-0.016759412,-0.019153614
900800972106406,0.04309563,-0.023942016,-0.04070143
900800992202136,-0.009576807,-0.04070143,-0.021547815
900801012291213,-0.02873042,-0.01436521,-0.06703765
900801032377790,-0.038307227,0.02633622,-0.035913024
900801052465828,0.01436521,-0.016759412,-0.023942016
900801072548713,-0.016759412,-0.016759412,-0.09816227
900801092636559,-0.01436521,-0.02873042,-0.076614454
900801112725674,0.0,-0.009576807,-0.08140286
900801132818559,0.0047884034,-0.011971008,-0.10295067
900801152905251,0.02633622,-0.0047884034,-0.06703765
900801172985328,-0.01436521,-0.045489833,-0.045489833
900801193067712,0.0,0.016759412,-0.05267244
900801213149482,0.007182605,-0.045489833,-0.033518825
900801233225828,-0.031124622,-0.04070143,-0.033518825
900801253309751,0.011971008,-0.05267244,-0.009576807
900801273393135,0.035913024,-0.007182605,-0.08619126
900801293474635,-0.021547815,-0.016759412,-0.01436521
900801313550135,-0.019153614,-0.031124622,-0.045489833
900801333628558,0.055066638,0.011971008,-0.079008654
900801353703173,0.009576807,-0.023942016,-0.059855044
900801373781866,0.023942016,-0.0047884034,-0.009576807
900801393869558,0.016759412,-0.045489833,-0.05267244
900801413955865,0.01436521,0.0,-0.009576807
900801434044481,-0.038307227,0.016759412,-0.04070143
900801454132942,-0.035913024,-0.016759412,-0.08379706
900801474207827,0.02873042,0.0,-0.038307227
900801494281596,0.04070143,-0.06703765,-0.016759412
900801514367327,0.0047884034,0.007182605,-0.031124622
900801534456519,0.035913024,-0.038307227,-0.01436521
900801554543826,0.007182605,0.02633622,-0.035913024
900801574639211,0.02633622,0.019153614,-0.04070143
900801594730634,-0.038307227,0.01436521,-0.0023942017
900801614816942,-0.047884032,0.0,-0.021547815
900801634914057,0.035913024,0.007182605,-0.07182605
900801655009749,0.02873042,-0.016759412,-0.062249243
900801675108018,-0.021547815,-0.007182605,-0.076614454
900801695205403,-0.016759412,-0.062249243,-0.088585466
900801715293826,0.0,0.035913024,-0.007182605
900801735385787,0.0047884034,-0.009576807,-0.007182605
900801755475364,-0.016759412,-0.055066638,-0.033518825
900801775570710,-0.016759412,-0.0047884034,-0.074220255
900801795655056,0.007182605,-0.01436521,-0.09816227
900801815745249,-0.055066638,-0.02873042,-0.01436521
900801835830364,0.009576807,-0.016759412,0.021547815
900801855932556,0.038307227,-0.0047884034,-0.05267244
900801876019441,0.009576807,-0.02873042,0.0
900801896107979,0.0023942017,-0.019153614,-0.059855044
900801916193787,-0.035913024,-0.04070143,-0.009576807
900801936287210,0.0,-0.0047884034,-0.021547815
900801956383633,-0.045489833,-0.01436521,-0.04070143
900801976476902,-0.035913024,-0.047884032,-0.01436521
900801996569363,0.0047884034,0.0023942017,-0.038307227
900802016663902,0.0,0.0,-0.10055647
900802036757248,0.08379706,0.01436521,-0.035913024
900802056844094,-0.02633622,-0.021547815,-0.016759412
900802076928440,-0.02873042,-0.08379706,-0.047884032
900802097019209,-0.019153614,-0.016759412,-0.06703765
900802117114363,0.033518825,-0.04070143,-0.021547815
900802137220555,0.011971008,0.016759412,-0.05746084
900802157254055,0.023942016,-0.04070143,-0.08140286
900802177352247,-0.02633622,0.011971008,-0.011971008
900802197445324,0.02633622,-0.0023942017,0.016759412
900802217540401,0.045489833,0.011971008,-0.035913024
900802237634632,0.021547815,0.0,-0.05267244
900802257735247,-0.02633622,0.0023942017,-0.045489833
900802277837939,0.02633622,0.016759412,-0.04070143
900802297935862,-0.02873042,-0.038307227,-0.08140286
900802318031747,0.007182605,-0.0047884034,-0.01436521
900802338123900,-0.021547815,-0.016759412,-0.038307227
900802358218554,0.05267244,-0.02873042,0.021547815
900802378306977,0.019153614,-0.033518825,-0.04070143
900802398399323,0.009576807,0.0023942017,-0.033518825
900802418498208,-0.01436521,-0.02873042,-0.009576807
900802438589592,-0.011971008,-0.0047884034,-0.023942016
900802458683823,0.0023942017,-0.0047884034,-0.04070143
900802478771900,-0.0047884034,-0.01436521,-0.05267244
900802498860977,0.009576807,0.011971008,-0.02873042
900802518947977,0.016759412,-0.02873042,0.0
900802539032592,0.062249243,-0.011971008,-0.019153614
900802559116015,0.016759412,0.02633622,-0.04309563
900802579206823,0.01436521,-0.019153614,0.0
900802599298553,-0.007182605,-0.011971008,-0.04309563
900802619385784,0.016759412,0.011971008,-0.023942016
900802639474399,0.019153614,-0.016759412,-0.05267244
900802659559438,-0.007182605,0.011971008,-0.038307227
900802679644591,0.016759412,-0.02633622,0.0023942017
900802699732553,0.023942016,-0.009576807,-0.05746084
900802719824322,0.035913024,0.009576807,0.011971008
900802739919860,0.035913024,0.033518825,-0.0023942017
900802760011899,-0.011971008,-0.019153614,-0.04309563
900802780115899,-0.016759412,0.0,-0.031124622
900802800221706,-0.007182605,0.011971008,-0.031124622
900802820330245,0.019153614,-0.021547815,-0.02633622
900802840422937,-0.035913024,-0.02873042,-0.08140286
900802860515783,-0.04070143,-0.019153614,-0.019153614
900802880608898,0.0,-0.050278235,-0.02873042
900802900701975,-0.016759412,0.02633622,-0.02873042
900802920787706,0.045489833,-0.007182605,-0.08379706
900802940878090,0.016759412,0.031124622,-0.062249243
900802960960860,-0.019153614,-0.033518825,-0.045489833
900802981049129,0.0,-0.01436521,0.011971008
900803001138090,-0.01436521,-0.02873042,-0.021547815
900803021235513,-0.05267244,0.016759412,-0.076614454
900803041323936,-0.02633622,0.023942016,0.0
900803061406090,0.031124622,0.011971008,-0.08379706
900803081493244,-0.0047884034,0.0023942017,-0.0047884034
900803101574205,-0.007182605,0.023942016,-0.016759412
900803121665013,0.0047884034,0.0,-0.04309563
900803141750205,0.021547815,0.04070143,-0.047884032
900803161837166,0.023942016,0.021547815,-0.04070143
900803181917359,0.011971008,-0.009576807,-0.059855044
900803202000897,-0.035913024,0.090979666,0.062249243
900803222098282,-0.035913024,-0.10055647,-0.035913024
900803242190705,0.055066638,-0.050278235,-0.074220255
900803262268705,0.009576807,0.019153614,0.055066638
900803282345666,0.04070143,-0.011971008,-0.04070143
900803302426012,0.01436521,0.038307227,-0.007182605
900803322510474,-0.016759412,0.076614454,0.0
900803342600358,0.02633622,-0.009576807,-0.02873042
900803362683743,0.0047884034,-0.021547815,-0.062249243
900803382788973,0.019153614,0.0047884034,-0.06943185
900803402859781,0.050278235,0.01436521,-0.06703765
900803422935012,0.009576807,-0.009576807,-0.047884032
900803443014127,-0.04309563,0.021547815,-0.05267244
900803463094819,0.021547815,0.0,-0.009576807
900803483165396,0.007182605,-0.016759412,-0.023942016
900803503237742,-0.033518825,0.023942016,-0.062249243
900803523321396,-0.02633622,0.009576807,-0.055066638
900803543408973,-0.02633622,0.007182605,0.0
900803563483473,0.0023942017,0.011971008,-0.035913024
900803583567434,0.0047884034,0.009576807,0.0
900803603649280,-0.02873042,0.031124622,-0.02873042
900803623726434,-0.021547815,-0.033518825,-0.06464344
900803643801703,0.02873042,0.01436521,-0.06943185
900803663884203,-0.047884032,-0.016759412,-0.038307227
900803683959395,0.02633622,0.0,-0.076614454
900803704042011,-0.009576807,0.007182605,-0.02633622
900803724124972,0.019153614,-0.01436521,-0.06703765
900803744204933,0.0047884034,0.06464344,-0.04070143
900803764285895,-0.02873042,-0.011971008,-0.01436521
900803784369549,0.011971008,-0.031124622,-0.076614454
900803804453279,-0.019153614,0.007182605,-0.055066638
900803824532625,-0.035913024,0.0047884034,-0.038307227
900803844609625,0.0023942017,-0.021547815,-0.009576807
900803864696279,-0.011971008,0.0,-0.06464344
900803884779587,0.019153614,0.019153614,-0.062249243
900803904859664,0.035913024,-0.031124622,0.007182605
900803924945433,-0.0047884034,0.023942016,-0.038307227
900803945028894,0.011971008,0.009576807,-0.0023942017
900803965112086,-0.009576807,-0.023942016,-0.047884032
900803985182086,0.02873042,-0.01436521,-0.031124622
900804005258894,0.019153614,0.035913024,-0.059855044
900804025337509,0.019153614,0.023942016,-0.050278235
900804045420894,0.009576807,0.0047884034,-0.047884032
900804065501471,0.08619126,0.01436521,-0.02633622
900804085589086,-0.0047884034,0.0023942017,-0.045489833
900804105680932,0.02873042,-0.038307227,-0.0023942017
900804125767932,-0.019153614,-0.023942016,-0.01436521
900804145863509,0.023942016,-0.011971008,-0.035913024
900804165952240,0.04070143,-0.0023942017,-0.02873042
900804186046893,0.01436521,0.038307227,-0.01436521
900804206123162,-0.023942016,0.04070143,-0.011971008
900804226211739,0.0,-0.0047884034,-0.023942016
900804246302816,-0.031124622,0.0,-0.031124622
900804266395201,-0.023942016,0.021547815,-0.021547815
900804286494162,0.019153614,0.038307227,-0.05746084
900804306583893,0.02633622,-0.0023942017,-0.0047884034
900804326677470,-0.04309563,0.031124622,-0.035913024
900804346774354,0.0047884034,0.021547815,-0.016759412
900804366875662,0.04070143,-0.0023942017,-0.023942016
900804386975931,-0.009576807,0.0047884034,-0.031124622
900804407062469,-0.019153614,0.0,-0.06703765
900804427154046,0.02873042,-0.02633622,0.009576807
900804447245123,-0.0047884034,0.0023942017,-0.047884032
900804467333315,-0.02633622,-0.033518825,-0.02873042
900804487419623,-0.02873042,0.038307227,-0.07182605
900804507509161,0.035913024,0.007182605,0.009576807
900804527604777,-0.009576807,-0.0047884034,-0.062249243
900804547695084,-0.0023942017,-0.021547815,-0.009576807
900804567782853,0.007182605,-0.011971008,-0.016759412
900804587871084,0.01436521,-0.0023942017,-0.007182605
900804607954815,0.059855044,0.01436521,0.007182605
900804628034892,0.019153614,-0.038307227,-0.05746084
900804648122776,-0.021547815,-0.011971008,-0.016759412
900804668206430,-0.011971008,0.047884032,-0.0047884034
900804688287353,0.007182605,0.033518825,-0.093373865
900804708365122,0.090979666,-0.011971008,-0.01436521
900804728441160,-0.04309563,-0.019153614,-0.04309563
900804748531314,-0.0047884034,0.0023942017,0.02633622
900804768615122,0.031124622,-0.021547815,-0.047884032
900804788700583,-0.038307227,0.0,-0.04309563
900804808792852,-0.007182605,0.0047884034,-0.009576807
900804828873275,0.045489833,-0.08140286,-0.02633622
900804848946891,0.031124622,0.01436521,0.0
900804869035275,0.01436521,-0.007182605,-0.05746084
900804889114775,0.009576807,0.035913024,-0.035913024
900804909207506,-0.023942016,0.023942016,-0.055066638
900804929301467,0.0,-0.021547815,0.0
900804949403544,0.033518825,0.038307227,-0.055066638
900804969493544,0.01436521,0.0023942017,-0.05746084
900804989580236,0.011971008,0.007182605,-0.011971008
900805009671852,0.023942016,-0.038307227,-0.031124622
900805029761121,0.031124622,-0.0047884034,-0.035913024
900805049848390,0.011971008,-0.02873042,-0.031124622
900805069943236,0.0023942017,0.01436521,-0.007182605
900805090033890,-0.0047884034,0.021547815,-0.047884032
900805110131390,-0.02633622,-0.016759412,-0.047884032
900805130221082,-0.02873042,-0.055066638,-0.02873042
900805150315120,0.01436521,-0.04070143,-0.08140286
900805170407466,-0.038307227,-0.01436521,-0.05267244
900805190488966,-0.009576807,0.019153614,-0.059855044
900805210577620,0.021547815,-0.059855044,-0.033518825
900805230664851,0.033518825,0.035913024,-0.023942016
900805250752543,0.02873042,0.0023942017,0.019153614
900805270838774,0.011971008,0.062249243,-0.02873042
900805290926428,-0.01436521,-0.02873042,-0.035913024
900805311012427,-0.007182605,-0.02633622,-0.07182605
900805331096774,0.0,0.0023942017,-0.038307227
900805351181735,0.007182605,-0.007182605,0.0047884034
900805371261735,-0.011971008,0.021547815,-0.01436521
900805391351350,-0.016759412,0.02633622,-0.045489833
900805411437119,0.011971008,0.038307227,-0.11492168
900805431523465,0.0047884034,0.0023942017,-0.05267244
900805451615542,0.033518825,0.011971008,-0.007182605
900805471705888,-0.007182605,0.031124622,-0.023942016
900805491796850,-0.02633622,-0.007182605,-0.035913024
900805511883504,-0.038307227,-0.04070143,-0.08619126
900805531975042,0.035913024,-0.062249243,-0.035913024
900805552059580,-0.06464344,0.02633622,-0.009576807
900805572143273,-0.007182605,-0.0047884034,-0.04309563
900805592226811,-0.050278235,-0.009576807,-0.021547815
900805612313619,0.019153614,-0.02633622,-0.035913024
900805632400811,-0.021547815,0.038307227,-0.07182605
900805652484811,-0.019153614,0.0047884034,-0.038307227
900805672571041,0.023942016,-0.02633622,-0.10534488
900805692658849,0.023942016,0.02633622,-0.01436521
900805712737618,-0.02633622,0.0,-0.055066638
900805732826310,0.007182605,-0.02633622,-0.035913024
900805752913964,0.0,-0.033518825,-0.062249243
900805773013772,0.02633622,0.035913024,-0.04070143
900805793108233,0.01436521,-0.02873042,-0.031124622
900805813197079,-0.023942016,0.021547815,-0.019153614
900805833276425,-0.02873042,0.0023942017,-0.021547815
900805853360310,0.04070143,0.06464344,-0.05267244
900805873447656,0.01436521,-0.04070143,-0.08379706
900805893525310,-0.023942016,0.02633622,-0.0023942017
900805913607964,-0.04070143,-0.007182605,-0.047884032
900805933688733,-0.038307227,-0.02873042,-0.07182605
900805953778848,-0.009576807,-0.0047884034,-0.059855044
900805973868002,0.01436521,-0.016759412,-0.04070143
900805993960617,-0.055066638,0.02633622,-0.08379706
900806014048886,-0.02873042,-0.0047884034,-0.019153614
900806034140809,-0.038307227,-0.01436521,-0.033518825
900806054229694,0.04309563,0.019153614,-0.08619126
900806074308925,-0.01436521,0.050278235,-0.009576807
900806094387424,-0.01436521,0.045489833,-0.04309563
900806114469578,-0.0023942017,-0.01436521,-0.047884032
900806134552347,-0.023942016,-0.007182605,-0.033518825
900806154632924,-0.05267244,-0.04070143,-0.021547815
900806174708578,0.08379706,0.009576807,-0.04070143
900806194776886,-0.038307227,0.035913024,-0.06464344
900806214857193,-0.007182605,-0.02873042,-0.047884032
900806234935655,0.04309563,0.021547815,-0.079008654
900806255016770,0.021547815,0.0,-0.04070143
900806275091770,0.007182605,-0.019153614,-0.045489833
900806295176462,0.019153614,-0.045489833,-0.047884032
900806315268424,-0.007182605,0.019153614,-0.035913024
900806335352462,-0.0023942017,-0.02633622,-0.038307227
900806355439231,-0.04309563,-0.02873042,-0.10534488
900806375531462,0.04070143,0.0,-0.047884032
900806395634962,-0.007182605,-0.016759412,0.0
900806415698539,0.021547815,0.0,-0.031124622
900806435773539,-0.009576807,0.02633622,-0.06943185
900806455863115,-0.009576807,0.016759412,-0.033518825
900806475948731,0.01436521,-0.035913024,-0.05267244
900806496024346,-0.016759412,0.02633622,-0.023942016
900806516104384,0.033518825,-0.02633622,-0.02633622
900806536176384,-0.10055647,0.0047884034,-0.038307227
900806556257500,0.0,0.04309563,-0.0047884034
900806576354077,0.007182605,-0.02873042,-0.05746084
900806596449038,0.021547815,-0.0023942017,0.0
900806616549692,0.009576807,-0.0047884034,-0.050278235
900806636644692,-0.0047884034,0.02873042,0.02633622
900806656730730,-0.031124622,0.019153614,-0.079008654
900806676810807,0.02873042,-0.021547815,-0.045489833
900806696897576,-0.01436521,0.016759412,-0.05746084
900806716978614,-0.050278235,0.011971008,0.021547815
900806737065653,0.02873042,0.021547815,0.0023942017
900806757147653,0.009576807,-0.06464344,-0.06943185
900806777238345,0.0047884034,-0.02873042,-0.076614454
900806797324922,0.02873042,0.016759412,-0.019153614
900806817418306,-0.0047884034,0.011971008,-0.06464344
900806837518960,0.033518825,0.021547815,-0.05746084
900806857610768,0.033518825,-0.031124622,-0.059855044
900806877706152,-0.0047884034,0.011971008,-0.038307227
900806897802268,-0.0047884034,-0.007182605,-0.050278235
900806917891114,-0.04070143,0.050278235,-0.062249243
900806937972575,0.0047884034,-0.01436521,-0.04309563
900806958058267,-0.019153614,0.01436521,-0.031124622
900806978143575,-0.019153614,0.011971008,-0.016759412
900806998218767,-0.0023942017,-0.04070143,-0.07182605
900807018312767,0.009576807,0.031124622,-0.05267244
900807038397459,-0.055066638,0.0023942017,-0.02873042
900807058480421,0.0,0.009576807,-0.009576807
900807078566613,-0.047884032,0.0,-0.033518825
900807098656575,-0.059855044,0.0023942017,-0.023942016
900807118746651,-0.035913024,-0.016759412,-0.031124622
900807138840036,0.05746084,0.05267244,-0.035913024
900807158923382,0.031124622,-0.050278235,-0.05746084
900807179006228,0.038307227,-0.059855044,-0.035913024
900807199086190,-0.02633622,0.045489833,0.0
900807219177689,-0.011971008,0.033518825,-0.016759412
900807239277382,0.0,-0.01436521,-0.033518825
900807259370305,0.0,-0.055066638,-0.076614454
900807279463689,0.007182605,-0.023942016,-0.062249243
900807299546343,0.016759412,0.0,-0.059855044
900807319636881,-0.074220255,0.009576807,-0.05267244
900807339730381,0.04309563,0.01436521,-0.011971008
900807359819035,0.009576807,0.01436521,-0.06703765
900807379908035,0.016759412,0.009576807,-0.011971008
900807399999112,0.0,-0.011971008,0.01436521
900807420082612,-0.05746084,0.01436521,-0.033518825
900807440163573,-0.01436521,0.016759412,0.021547815
900807460249804,0.02633622,0.021547815,-0.07182605
900807480339458,-0.016759412,0.0,-0.02873042
900807500440265,0.011971008,-0.05267244,-0.07182605
900807520540650,-0.031124622,-0.009576807,-0.01436521
900807540649573,0.033518825,0.05746084,0.0047884034
900807560748842,-0.0023942017,0.0023942017,0.007182605
900807580831419,-0.02633622,-0.007182605,-0.10534488
900807600912919,-0.038307227,0.016759412,-0.021547815
900807621003188,0.04070143,0.023942016,-0.050278235
900807641093149,0.0,0.019153614,-0.038307227
900807661182303,0.0047884034,-0.01436521,0.007182605
900807681274572,0.0047884034,-0.01436521,-0.07182605
900807701379534,-0.01436521,-0.038307227,-0.047884032
900807721462264,-0.031124622,0.0047884034,0.0047884034
900807741569034,-0.038307227,0.04070143,-0.06943185
900807761670534,-0.05746084,-0.01436521,-0.088585466
900807781775072,-0.009576807,0.045489833,-0.05267244
900807801887764,-0.016759412,-0.023942016,-0.023942016
900807821975303,-0.007182605,-0.01436521,-0.035913024
900807842026726,-0.0023942017,0.02873042,-0.01436521
900807862128495,-0.055066638,0.009576807,-0.07182605
900807882223687,-0.01436521,0.021547815,-0.033518825
900807902327610,0.007182605,-0.0047884034,-0.011971008
900807922424071,0.007182605,-0.0047884034,-0.02633622
900807942524456,0.021547815,0.0,-0.04309563
900807962620110,0.01436521,0.0,-0.033518825
900807982715879,-0.016759412,-0.047884032,-0.059855044
900808002817225,-0.031124622,0.01436521,-0.019153614
900808022919033,0.050278235,-0.021547815,-0.06703765
900808043019494,0.033518825,0.04309563,-0.016759412
900808063112379,0.01436521,-0.031124622,-0.05267244
900808083214302,-0.045489833,-0.021547815,-0.007182605
900808103311494,0.021547815,0.009576807,-0.055066638
900808123401532,-0.0047884034,0.016759412,-0.095768064
900808143501071,-0.035913024,0.023942016,-0.059855044
900808163596763,-0.01436521,-0.04309563,-0.035913024
900808183688840,0.011971008,-0.016759412,-0.074220255
900808203785416,0.045489833,0.019153614,-0.04070143
900808223880724,0.050278235,-0.05267244,-0.09816227
900808243983109,0.0047884034,0.007182605,0.007182605
900808264087878,0.007182605,0.02873042,-0.033518825
900808284188455,0.02633622,-0.007182605,-0.02873042
900808304296916,0.02873042,0.023942016,-0.02873042
900808324402647,0.0,-0.05746084,-0.045489833
900808344519608,0.0047884034,0.009576807,-0.05746084
900808364623454,0.0,-0.021547815,-0.033518825
900808384720108,-0.009576807,0.0023942017,-0.045489833
900808404823570,0.0023942017,-0.0047884034,-0.10534488
900808424935031,0.007182605,-0.011971008,0.0047884034
900808445020685,0.023942016,0.031124622,-0.033518825
900808465120685,0.023942016,0.016759412,-0.023942016
900808485221492,-0.01436521,-0.0023942017,-0.05267244
900808505326223,-0.023942016,0.007182605,-0.021547815
900808525427338,0.0023942017,-0.033518825,-0.02633622
900808545528377,0.0047884034,-0.007182605,-0.045489833
900808565619530,0.02633622,-0.01436521,-0.05267244
900808585719415,0.011971008,0.009576807,-0.08619126
900808605819338,-0.04309563,-0.031124622,-0.021547815
900808625917338,-0.05267244,-0.02873042,-0.031124622
900808646019492,0.0,0.01436521,-0.019153614
900808666116722,-0.011971008,0.0023942017,-0.055066638
900808686209492,-0.016759412,-0.019153614,-0.033518825
900808706304107,-0.009576807,-0.019153614,-0.05267244
900808726389991,-0.021547815,0.05267244,-0.023942016
900808746490530,0.02633622,0.02873042,-0.007182605
900808766592491,-0.023942016,-0.007182605,-0.090979666
900808786691337,-0.0023942017,-0.016759412,-0.023942016
900808806788414,0.007182605,-0.01436521,-0.02633622
900808826888222,0.007182605,0.031124622,-0.033518825
900808846945260,0.011971008,0.02873042,-0.021547815
900808866957491,0.047884032,0.009576807,-0.033518825
900808887066722,-0.01436521,0.009576807,-0.05267244
900808907172645,0.0023942017,0.021547815,-0.05267244
900808927269644,0.0023942017,-0.06943185,-0.02633622
900808947359491,0.0,-0.019153614,-0.047884032
900808967448183,0.01436521,0.0023942017,-0.047884032
900808987534683,0.031124622,0.0,-0.033518825
900809007621260,0.0,0.016759412,-0.033518825
900809027710913,-0.019153614,-0.019153614,-0.04309563
900809047796682,0.0,0.02633622,-0.05746084
900809067881144,0.05746084,-0.023942016,-0.0023942017
900809087963567,-0.06464344,-0.019153614,-0.023942016
900809108048913,0.035913024,0.02873042,0.01436521
900809128134913,-0.038307227,0.007182605,-0.02873042
900809148226105,0.023942016,-0.016759412,-0.08140286
900809168318259,0.06464344,0.02633622,-0.035913024
900809188413259,0.007182605,-0.021547815,-0.023942016
900809208502720,-0.055066638,0.021547815,-0.076614454
900809228584105,0.016759412,-0.02633622,-0.06464344
900809248673720,0.007182605,0.019153614,0.0047884034
900809268764989,0.019153614,-0.02633622,-0.045489833
900809288856643,-0.01436521,-0.019153614,-0.06703765
900809308944181,-0.050278235,0.016759412,-0.04070143
900809329031643,0.021547815,-0.0023942017,-0.0023942017
900809349110143,-0.011971008,0.031124622,-0.016759412
900809369194258,0.016759412,-0.0047884034,-0.009576807
900809389281104,-0.019153614,0.0,-0.035913024
900809409374527,0.01436521,-0.023942016,-0.021547815
900809429451489,-0.05746084,-0.023942016,-0.08379706
900809449535566,0.02873042,0.01436521,-0.05267244
900809469629835,0.0023942017,0.0047884034,-0.021547815
900809489717527,0.019153614,-0.016759412,-0.059855044
900809509805411,-0.047884032,0.009576807,-0.10534488
900809529893258,0.02633622,-0.007182605,-0.06703765
900809549976027,0.0023942017,0.01436521,0.01436521
900809570064142,0.031124622,-0.045489833,-0.04309563
900809590153103,0.059855044,0.007182605,-0.04070143
900809610247526,-0.033518825,0.009576807,-0.0047884034
900809630346796,0.0047884034,0.019153614,-0.02633622
900809650444103,-0.009576807,-0.0047884034,-0.019153614
900809670542372,-0.02633622,0.0023942017,-0.088585466
900809690640680,0.0,0.0047884034,-0.021547815
900809710731757,-0.007182605,0.035913024,-0.076614454
900809730832334,0.009576807,-0.02633622,-0.02873042
900809750933757,0.023942016,0.01436521,-0.062249243
900809771032449,-0.019153614,0.02873042,-0.08140286
900809791129372,0.033518825,0.0023942017,-0.04070143
900809811222949,-0.016759412,0.0,-0.079008654
900809831319372,0.007182605,-0.01436521,-0.031124622
900809851413949,0.01436521,-0.0023942017,-0.095768064
900809871508487,0.01436521,0.016759412,0.023942016
900809891591372,-0.0023942017,-0.06943185,-0.0047884034
900809911681179,-0.023942016,-0.009576807,-0.045489833
900809931763987,0.01436521,0.0,0.007182605
900809951852602,0.0,0.0047884034,-0.0023942017
900809971948294,0.009576807,0.019153614,-0.076614454
900809992050179,-0.01436521,-0.062249243,-0.02633622
900810012153833,-0.04309563,-0.045489833,-0.04309563
900810032254025,-0.035913024,0.05746084,0.0023942017
900810052358679,0.0,-0.007182605,-0.05267244
900810072461102,-0.059855044,-0.023942016,-0.04070143
900810092501525,0.01436521,0.01436521,-0.016759412
900810112587678,0.033518825,-0.007182605,0.01436521
900810132688255,-0.031124622,0.01436521,-0.062249243
900810152790524,-0.031124622,0.019153614,-0.04309563
900810172894255,0.02873042,-0.0023942017,-0.0023942017
900810192995678,0.059855044,0.009576807,-0.031124622
900810213062832,0.007182605,0.019153614,-0.05267244
900810233059486,-0.01436521,-0.031124622,-0.04309563
900810253084024,0.007182605,-0.06703765,-0.06703765
900810273186639,0.007182605,0.05746084,-0.05746084
900810293286870,0.079008654,-0.059855044,-0.088585466
900810313390562,-0.011971008,-0.02873042,-0.059855044
900810333481870,0.031124622,0.01436521,-0.07182605
900810353577908,0.007182605,0.016759412,-0.05746084
900810373664677,0.023942016,0.016759412,-0.009576807
900810393759716,-0.0047884034,-0.007182605,-0.06703765
900810413846793,0.059855044,-0.007182605,0.0023942017
900810433937100,-0.031124622,-0.007182605,-0.033518825
900810454025792,-0.0047884034,-0.038307227,-0.055066638
900810474113677,-0.01436521,0.0047884034,-0.09816227
900810494200138,0.0047884034,0.0,-0.023942016
900810514290369,0.0047884034,-0.038307227,-0.050278235
900810534392754,-0.016759412,-0.06943185,-0.05746084
900810554484446,0.01436521,-0.019153614,-0.079008654
900810574577369,-0.019153614,0.02633622,-0.079008654
900810594677484,0.04309563,-0.01436521,-0.023942016
900810614782369,0.019153614,0.016759412,-0.021547815
900810634883330,0.050278235,-0.0023942017,-0.059855044
900810654988522,0.0,-0.0023942017,-0.06703765
900810675087676,0.023942016,-0.007182605,-0.02873042
900810695179792,0.033518825,0.007182605,-0.047884032
900810715277753,-0.016759412,0.045489833,-0.016759412
900810735382407,-0.01436521,-0.035913024,-0.033518825
900810755480253,0.0047884034,0.02873042,0.0
900810775576791,0.021547815,-0.0023942017,-0.074220255
900810795686407,0.016759412,0.023942016,-0.02873042
900810815740830,0.019153614,0.009576807,-0.06703765
900810835833637,0.055066638,-0.031124622,-0.02873042
900810855928252,-0.009576807,-0.06943185,-0.035913024
900810876018752,0.009576807,-0.02633622,-0.035913024
900810896114137,0.038307227,-0.04070143,-0.04070143
900810916204406,0.031124622,0.0047884034,-0.06943185
900810936292675,0.038307227,-0.0047884034,-0.04070143
900810956385598,-0.007182605,-0.016759412,-0.016759412
900810976482675,0.031124622,-0.009576807,-0.019153614
900810996575675,-0.021547815,-0.021547815,-0.023942016
900811016668867,-0.04309563,-0.009576807,-0.05746084
900811036761598,0.009576807,-0.0023942017,-0.009576807
900811056856175,0.01436521,-0.038307227,-0.035913024
900811076946982,-0.050278235,-0.031124622,-0.01436521
900811097034713,0.009576807,-0.033518825,-0.035913024
900811117131828,0.062249243,-0.021547815,-0.016759412
900811137224290,0.038307227,-0.055066638,-0.038307227
900811157312905,-0.02873042,0.011971008,-0.021547815
900811177408367,0.0047884034,0.045489833,-0.06703765
900811197510982,0.0023942017,-0.016759412,-0.08140286
900811217612674,0.021547815,0.01436521,-0.009576807
900811237719366,0.009576807,0.0023942017,-0.019153614
900811257828212,-0.04070143,-0.035913024,-0.02633622
900811277933982,0.007182605,-0.045489833,0.007182605
900811298039866,-0.011971008,-0.009576807,-0.07182605
900811318134135,0.055066638,-0.009576807,-0.093373865
900811338236212,0.02873042,0.01436521,-0.019153614
900811358331635,-0.062249243,-0.035913024,-0.05267244
900811378420404,0.035913024,-0.019153614,-0.011971008
900811398517827,0.007182605,-0.05267244,-0.05746084
900811418604943,0.0,-0.033518825,-0.05746084
900811438693366,-0.016759412,0.007182605,-0.04070143
900811458782058,0.0,0.016759412,-0.01436521
900811478881712,-0.035913024,-0.021547815,-0.06703765
900811498981058,0.023942016,-0.02873042,-0.062249243
900811519073442,-0.007182605,-0.023942016,-0.02633622
900811539166788,0.0,-0.023942016,-0.06943185
900811559271404,-0.016759412,0.007182605,-0.038307227
900811579367019,-0.0047884034,-0.019153614,-0.05746084
900811599468634,-0.009576807,0.038307227,-0.055066638
900811619570788,0.038307227,0.04070143,-0.055066638
900811639676596,0.031124622,0.016759412,-0.07182605
900811659777634,0.033518825,0.007182605,-0.062249243
900811679878365,0.019153614,0.0023942017,-0.031124622
900811699977326,0.0047884034,-0.019153614,-0.031124622
900811720070018,0.0047884034,-0.009576807,-0.021547815
900811740163134,-0.009576807,0.016759412,-0.035913024
900811760253326,0.021547815,-0.0047884034,-0.10534488
900811780351980,-0.038307227,-0.023942016,-0.062249243
900811800447249,0.01436521,-0.038307227,-0.05746084
900811820541941,0.031124622,-0.038307227,-0.062249243
900811840636441,0.021547815,-0.01436521,-0.095768064
900811860730441,0.035913024,-0.019153614,-0.021547815
900811880823787,-0.0023942017,0.01436521,-0.050278235
900811900919825,-0.0023942017,0.02633622,-0.04070143
900811921010325,-0.06703765,-0.035913024,-0.011971008
900811941099094,-0.04070143,0.0,-0.047884032
900811961197787,0.0023942017,-0.06703765,-0.04309563
900811981300556,-0.05746084,0.0047884034,-0.009576807
900812001404171,0.0,0.0,-0.062249243
900812021490671,-0.0047884034,0.0,-0.095768064
900812041582363,-0.0023942017,0.0,-0.033518825
900812061670632,0.0047884034,-0.0047884034,-0.01436521
900812081768248,0.0,0.059855044,-0.038307227
900812101862863,-0.0023942017,-0.02873042,-0.090979666
900812121963632,-0.021547815,-0.023942016,-0.047884032
900812142060748,0.01436521,0.0,-0.0047884034
900812162165517,0.031124622,0.007182605,-0.019153614
900812182266209,-0.0023942017,0.031124622,-0.08619126
900812202372747,0.011971008,-0.01436521,-0.06943185
900812222475824,-0.016759412,-0.035913024,-0.047884032
900812242579093,-0.0023942017,-0.0047884034,-0.04309563
900812262685170,-0.033518825,-0.074220255,-0.009576807
900812282787939,0.055066638,-0.04070143,-0.04309563
900812302897285,0.009576807,-0.0023942017,-0.031124622
900812323002093,-0.02633622,0.019153614,-0.038307227
900812343104939,0.0023942017,0.023942016,-0.04309563
900812363206016,-0.04309563,0.01436521,-0.033518825
900812383298939,-0.04309563,-0.0023942017,-0.09816227
900812403397439,0.045489833,-0.033518825,-0.01436521
900812423505862,0.007182605,0.0,-0.0023942017
900812443590362,0.05267244,0.0,-0.033518825
900812463674746,-0.035913024,0.007182605,-0.062249243
900812483763785,-0.016759412,-0.047884032,-0.08619126
900812503852323,-0.016759412,-0.021547815,-0.02633622
900812523938862,0.033518825,0.023942016,-0.01436521
900812544020785,0.031124622,0.0047884034,0.01436521
900812564120515,0.02633622,-0.031124622,-0.07182605
900812584207400,0.06943185,0.019153614,-0.05267244
900812604294284,0.019153614,-0.0047884034,0.019153614
900812624393823,0.007182605,0.011971008,-0.090979666
900812644489361,-0.04070143,-0.023942016,-0.05267244
900812664577476,0.035913024,0.04309563,-0.031124622
900812684673746,0.02633622,-0.031124622,-0.079008654
900812704771784,0.0047884034,0.019153614,-0.019153614
900812724865207,-0.007182605,-0.062249243,-0.08140286
900812744951553,-0.02873042,-0.031124622,-0.011971008
900812765040322,-0.011971008,0.019153614,-0.05267244
900812785124207,-0.0023942017,-0.011971008,-0.02873042
900812805213399,0.033518825,0.033518825,-0.08379706
900812825307668,0.016759412,-0.05267244,-0.045489833
900812845398937,-0.038307227,0.009576807,-0.0023942017
900812865488283,-0.031124622,-0.02633622,-0.009576807
900812885576976,0.02873042,-0.045489833,-0.0047884034
900812905673245,0.023942016,-0.011971008,-0.04070143
900812925765783,0.019153614,0.04309563,-0.062249243
900812945859360,0.01436521,-0.02633622,-0.07182605
900812965951821,0.007182605,0.01436521,0.0047884034
900812986036629,-0.011971008,0.038307227,-0.016759412
900813006123783,0.023942016,-0.021547815,-0.06943185
900813026211783,0.016759412,0.007182605,-0.033518825
900813046292667,-0.045489833,-0.038307227,-0.08379706
900813066369667,-0.021547815,-0.007182605,-0.04070143
900813086449821,0.009576807,-0.050278235,-0.059855044
900813106532282,-0.011971008,0.0,-0.0047884034
900813126614667,-0.0023942017,0.0047884034,-0.038307227
900813146702128,0.047884032,-0.047884032,-0.031124622
900813166785244,-0.02873042,0.019153614,-0.045489833
900813186871244,0.033518825,-0.011971008,-0.031124622
900813206956436,0.04070143,-0.009576807,-0.05267244
900813227050859,0.011971008,0.0023942017,0.01436521
900813247140590,-0.011971008,0.021547815,-0.04070143
900813267226974,-0.007182605,0.016759412,-0.05267244
900813287316743,0.0,0.031124622,-0.088585466
900813307392205,-0.023942016,0.038307227,-0.10534488
900813327468051,0.0023942017,-0.009576807,-0.06464344
900813347542897,0.0047884034,0.0047884034,-0.019153614
900813367626051,-0.007182605,-0.009576807,-0.009576807
900813387699743,0.04309563,0.011971008,-0.08379706
900813407786743,-0.023942016,-0.021547815,-0.02873042
900813427873550,-0.0023942017,-0.0023942017,-0.05746084
900813447968550,0.047884032,-0.031124622,-0.031124622
900813468065089,-0.007182605,-0.04070143,-0.076614454
900813488169550,-0.035913024,-0.009576807,-0.033518825
900813508267665,-0.04070143,-0.021547815,-0.045489833
900813528355742,-0.033518825,-0.019153614,-0.02633622
900813548433781,-0.038307227,0.02633622,-0.047884032
900813568513781,-0.021547815,0.02873042,-0.033518825
900813588596434,0.035913024,-0.0047884034,-0.059855044
900813608670742,-0.01436521,0.019153614,-0.04309563
900813628752819,0.035913024,0.016759412,-0.023942016
900813648842703,0.0,0.0,-0.05746084
900813668931588,-0.007182605,-0.007182605,-0.0023942017
900813689002280,0.02633622,0.035913024,-0.007182605
900813709078319,0.0,-0.016759412,-0.021547815
900813729161165,-0.011971008,-0.009576807,-0.095768064
900813749242126,-0.019153614,0.045489833,-0.090979666
900813769328472,-0.0023942017,0.0023942017,-0.021547815
900813789407664,0.007182605,0.050278235,-0.055066638
900813809494318,-0.0047884034,0.0023942017,-0.01436521
900813829579972,0.04309563,-0.02873042,-0.062249243
900813849664741,0.04309563,0.0,-0.04309563
900813869742510,-0.033518825,0.011971008,-0.047884032
900813889817010,0.050278235,-0.007182605,-0.04309563
900813909884972,0.0047884034,-0.019153614,-0.08619126
900813929959702,-0.016759412,0.02873042,-0.045489833
900813950025202,-0.045489833,-0.019153614,-0.02873042
900813970103202,0.02873042,0.016759412,-0.035913024
900813990176702,0.02633622,0.011971008,0.0
900814010252010,0.016759412,-0.023942016,-0.047884032
900814030324433,0.0047884034,-0.047884032,-0.035913024
900814050394586,0.0,-0.0047884034,-0.074220255
900814070465394,0.007182605,-0.02873042,-0.0047884034
900814090539779,0.031124622,-0.02873042,-0.047884032
900814110622317,-0.009576807,-0.08379706,0.0
900814130710586,0.047884032,-0.009576807,-0.06943185
900814150797778,0.016759412,-0.01436521,-0.06703765
900814170874663,-0.050278235,-0.05746084,-0.06464344
900814190945009,0.019153614,0.016759412,-0.01436521
900814211017817,0.033518825,0.011971008,-0.047884032
900814231091932,0.021547815,-0.011971008,-0.023942016
900814251170047,-0.031124622,0.016759412,-0.023942016
900814271248470,0.031124622,0.01436521,0.009576807
900814291331778,-0.0023942017,0.007182605,-0.033518825
900814311409701,0.02633622,-0.033518825,-0.055066638
900814331497008,0.0047884034,-0.023942016,-0.095768064
900814351571739,0.021547815,-0.050278235,-0.06943185
900814371639739,-0.007182605,-0.007182605,-0.047884032
900814391725547,-0.0047884034,0.0023942017,-0.047884032
900814411807508,0.016759412,-0.023942016,-0.0023942017
900814431893854,-0.011971008,-0.08140286,-0.033518825
900814451984393,-0.016759412,0.021547815,-0.055066638
900814472072469,-0.02873042,-0.016759412,-0.04070143
900814492153508,-0.019153614,-0.0047884034,-0.05267244
900814512231508,-0.038307227,0.0023942017,0.023942016
900814532309777,-0.06943185,0.011971008,-0.093373865
900814552391777,0.02633622,-0.009576807,0.035913024
900814572468277,0.023942016,-0.0023942017,-0.019153614
900814592535892,0.035913024,-0.011971008,-0.047884032
900814612618661,0.033518825,-0.009576807,-0.07182605
900814632703969,0.009576807,-0.02633622,-0.016759412
900814652794430,-0.04309563,0.0047884034,0.0
900814672880238,-0.023942016,-0.01436521,-0.019153614
900814692970815,-0.088585466,-0.011971008,-0.08379706
900814713058238,0.074220255,0.0047884034,-0.02633622
900814733153584,0.04309563,-0.007182605,-0.05746084
900814753241007,-0.023942016,-0.031124622,-0.007182605
900814773320122,0.031124622,0.0047884034,-0.08379706
900814793398622,0.050278235,0.059855044,-0.007182605
900814813484199,0.0,0.0023942017,0.045489833
900814833568776,-0.011971008,-0.062249243,-0.019153614
900814853652199,-0.021547815,0.021547815,-0.033518825
900814873743699,0.011971008,-0.07182605,0.033518825
900814893841083,0.0047884034,-0.0023942017,0.02633622
900814913926122,-0.08140286,0.033518825,-0.24660277
900814934010468,0.023942016,-0.055066638,0.1388637
900814954090506,-0.009576807,0.009576807,-0.14844051
900814974172044,-0.0023942017,0.055066638,-0.16759412
900814994246044,-0.06464344,-0.031124622,0.02873042
900815014322852,0.0,0.0023942017,-0.10295067
900815034387006,0.12210429,0.07182605,-0.074220255
900815054456044,0.02633622,-0.023942016,-0.074220255
900815074531775,-0.088585466,-0.009576807,-0.04070143
900815094600813,0.02873042,-0.016759412,-0.08140286
900815114679582,-0.031124622,-0.0023942017,-0.023942016
900815134755121,0.05267244,0.0047884034,0.0
900815154828275,-0.01436521,0.021547815,-0.09816227
900815174906198,-0.0047884034,0.033518825,-0.04070143
900815194993082,0.023942016,0.074220255,-0.0023942017
900815215073467,-0.021547815,0.035913024,-0.06943185
900815235148620,0.011971008,0.02873042,-0.033518825
900815255220313,-0.021547815,-0.06943185,-0.045489833
900815275287736,-0.04070143,-0.045489833,-0.04309563
900815295369812,0.023942016,0.021547815,0.0
900815315441543,-0.045489833,-0.033518825,0.0047884034
900815335508274,-0.021547815,-0.02633622,-0.035913024
900815355576928,0.02633622,0.0047884034,-0.04070143
900815375646274,0.045489833,0.0,-0.031124622
900815395713043,0.04309563,0.01436521,-0.011971008
900815415775658,0.0047884034,0.021547815,0.0
900815435855735,-0.007182605,-0.02873042,-0.035913024
900815455909273,0.019153614,0.035913024,-0.02873042
900815475982812,-0.031124622,0.007182605,-0.038307227
900815496056119,0.047884032,-0.02873042,-0.021547815
900815516136196,-0.0047884034,-0.033518825,-0.016759412
900815536209850,-0.007182605,0.031124622,-0.079008654
900815556290158,0.0023942017,0.035913024,-0.019153614
900815576361273,0.0,0.016759412,-0.06703765
900815596439273,-0.04070143,-0.009576807,-0.01436521
900815616508080,-0.047884032,0.045489833,-0.009576807
900815636586080,0.0047884034,-0.02873042,-0.031124622
900815656662196,-0.009576807,0.031124622,-0.016759412
900815676740196,0.007182605,0.0023942017,-0.05267244
900815696829811,-0.009576807,-0.0023942017,-0.09816227
900815716903234,-0.009576807,-0.031124622,-0.035913024
900815736981157,-0.0047884034,0.009576807,-0.050278235
900815757067465,0.0,-0.04070143,-0.045489833
900815777148734,-0.011971008,0.0023942017,-0.11492168
900815797221811,0.05746084,0.02873042,-0.021547815
900815817299618,0.050278235,0.011971008,-0.033518825
900815837377349,-0.007182605,0.007182605,-0.01436521
900815857461195,-0.06464344,-0.009576807,-0.02873042
900815877554426,-0.009576807,-0.01436521,-0.090979666
900815897652156,-0.023942016,0.02873042,-0.04070143
900815917740579,0.021547815,0.016759412,-0.05746084
900815937828425,0.0,0.01436521,-0.047884032
900815957920656,-0.021547815,0.0,-0.08140286
900815978002810,-0.045489833,0.0,-0.059855044
900815998087271,-0.033518825,-0.01436521,-0.019153614
900816018168040,-0.023942016,-0.038307227,-0.04070143
900816038236271,0.02873042,-0.02873042,-0.110133275
900816058300002,0.009576807,0.01436521,-0.01436521
900816078377463,-0.062249243,-0.023942016,-0.04070143
900816098456502,-0.009576807,-0.04070143,-0.011971008
900816118533848,-0.031124622,0.0047884034,-0.033518825
900816138602694,-0.038307227,0.021547815,-0.05267244
900816158678117,-0.031124622,-0.019153614,-0.06703765
900816178749348,0.0047884034,-0.04070143,-0.0023942017
900816198823924,-0.019153614,0.016759412,-0.007182605
900816218892463,-0.019153614,-0.01436521,-0.045489833
900816238956117,0.009576807,0.011971008,-0.05267244
900816259030270,-0.023942016,-0.038307227,-0.05267244
900816279094116,-0.04070143,0.019153614,-0.050278235
900816299157539,-0.011971008,-0.02873042,-0.06943185
900816319227116,0.007182605,-0.04309563,-0.050278235
900816339298039,-0.035913024,-0.007182605,-0.021547815
900816359355347,0.0023942017,0.011971008,-0.04070143
900816379418116,-0.009576807,0.02633622,-0.06703765
900816399483231,0.0,-0.055066638,-0.05267244
900816419551808,-0.031124622,-0.016759412,-0.04309563
900816439615693,-0.021547815,-0.0047884034,-0.019153614
900816459678923,-0.021547815,-0.0047884034,-0.01436521
900816479751346,-0.05746084,-0.031124622,-0.021547815
900816499823769,0.023942016,-0.019153614,-0.01436521
900816519901154,-0.011971008,-0.02633622,-0.019153614
900816539964731,-0.021547815,-0.007182605,-0.033518825
900816560035192,0.021547815,-0.01436521,-0.079008654
900816580103269,-0.045489833,-0.0047884034,-0.035913024
900816600172307,-0.023942016,-0.038307227,-0.06943185
900816620227346,-0.0023942017,0.011971008,-0.02873042
900816640285615,0.009576807,0.0047884034,-0.021547815
900816660353576,0.016759412,-0.045489833,0.0047884034
900816680416499,-0.019153614,0.0023942017,-0.019153614
900816700479230,-0.019153614,-0.011971008,-0.035913024
900816720544884,0.04070143,-0.0047884034,0.0
900816740606268,0.016759412,-0.04309563,-0.045489833
900816760674153,0.033518825,-0.0023942017,-0.047884032
900816780735538,-0.019153614,-0.02633622,-0.05267244
900816800793384,-0.016759412,0.023942016,-0.06943185
900816820853576,0.0,0.038307227,-0.04309563
900816840923076,0.0047884034,0.0,-0.047884032
900816860993653,0.04070143,0.0047884034,-0.04070143
900816881065460,0.0047884034,0.01436521,-0.0047884034
900816901137729,-0.01436521,-0.035913024,-0.021547815
900816921221960,0.021547815,0.033518825,-0.023942016
900816941297229,0.01436521,-0.038307227,-0.009576807
900816961369691,0.02873042,-0.016759412,-0.023942016
900816981425037,-0.031124622,0.009576807,-0.021547815
900817001492191,-0.016759412,-0.021547815,-0.019153614
900817021564883,-0.019153614,0.0047884034,-0.031124622
900817041632229,0.007182605,0.01436521,-0.009576807
900817061702844,-0.007182605,0.021547815,-0.04309563
900817081780960,0.0047884034,-0.038307227,-0.02633622
900817101851575,0.021547815,-0.019153614,-0.01436521
900817121924498,-0.007182605,0.04309563,0.0023942017
900817141997421,-0.009576807,-0.016759412,-0.035913024
900817162078998,0.023942016,-0.02873042,-0.045489833
900817182166651,0.016759412,0.007182605,0.0
900817202243613,0.023942016,0.0023942017,-0.033518825
900817222323497,0.033518825,0.02633622,0.0
900817242401420,-0.031124622,-0.0047884034,-0.021547815
900817262469959,-0.0023942017,0.0047884034,-0.06943185
900817282537728,0.02873042,0.031124622,-0.045489833
900817302604882,0.01436521,-0.035913024,-0.05267244
900817322670689,-0.04070143,-0.016759412,-0.019153614
900817342737420,-0.019153614,0.019153614,-0.04070143
900817362809382,-0.016759412,-0.019153614,-0.016759412
900817382876112,0.02633622,0.023942016,-0.059855044
900817402939766,0.0,-0.02873042,-0.045489833
900817422999035,0.007182605,0.0047884034,-0.074220255
900817443069420,0.021547815,-0.009576807,0.0
900817463137727,0.009576807,-0.031124622,-0.01436521
900817483206958,0.04070143,-0.035913024,-0.0023942017
900817503277958,0.007182605,-0.045489833,-0.019153614
900817523345342,-0.009576807,-0.047884032,-0.021547815
900817543414496,0.009576807,-0.038307227,-0.016759412
900817563476419,0.019153614,-0.0023942017,-0.06703765
900817583547958,0.0023942017,0.011971008,-0.038307227
900817603628034,-0.01436521,-0.047884032,-0.045489833
900817623683957,0.02873042,0.02633622,-0.06703765
900817643749919,0.0,-0.047884032,-0.019153614
900817663814457,0.016759412,0.06703765,-0.06464344
900817683872034,-0.023942016,-0.007182605,-0.04309563
900817703936880,0.035913024,-0.01436521,-0.021547815
900817724012149,-0.019153614,-0.007182605,-0.079008654
900817744087842,-0.0047884034,-0.01436521,-0.009576807
900817764170688,-0.06703765,0.016759412,-0.059855044
900817784251726,-0.079008654,-0.055066638,-0.01436521
900817804337149,-0.021547815,0.0047884034,-0.050278235
900817824410764,0.0023942017,-0.0047884034,-0.033518825
900817844505187,0.023942016,-0.009576807,-0.023942016
900817864591495,-0.06464344,0.009576807,-0.095768064
900817884676341,0.06703765,-0.0023942017,-0.06464344
900817904759110,-0.007182605,0.01436521,-0.04070143
900817924838995,-0.016759412,0.021547815,-0.04070143
900817944919802,0.011971008,-0.05267244,-0.023942016
900817965012764,-0.06464344,-0.0023942017,-0.055066638
900817985095418,-0.031124622,0.0023942017,0.033518825
900818005179494,0.02633622,0.035913024,-0.06943185
900818025264841,0.01436521,-0.0047884034,-0.059855044
900818045352148,-0.035913024,-0.033518825,-0.04309563
900818065430687,0.0047884034,-0.016759412,-0.05267244
900818085507686,0.095768064,0.033518825,-0.04070143
900818105575725,0.0047884034,-0.016759412,-0.079008654
900818125651379,-0.01436521,0.0023942017,-0.047884032
900818145726148,0.0047884034,-0.02873042,-0.055066638
900818165803955,-0.0023942017,-0.023942016,-0.08140286
900818185879878,0.016759412,0.016759412,-0.01436521
900818205959263,-0.021547815,-0.04070143,0.0
900818226036455,-0.0023942017,0.02633622,0.007182605
900818246115340,-0.0023942017,-0.01436521,-0.02873042
900818266202147,-0.021547815,-0.011971008,-0.05267244
900818286285340,-0.05746084,-0.009576807,-0.038307227
900818306373032,0.0023942017,-0.0023942017,-0.050278235
900818326455455,0.04309563,0.031124622,-0.033518825
900818346537878,0.02873042,-0.016759412,-0.021547815
900818366617647,0.0047884034,-0.016759412,-0.055066638
900818386693647,0.055066638,-0.04070143,-0.06464344
900818406770570,0.05267244,0.023942016,-0.05267244
900818426841493,-0.009576807,0.019153614,-0.11731588
900818446931954,-0.05746084,0.0,-0.01436521
900818466993223,-0.021547815,-0.0023942017,-0.019153614
900818487073031,-0.031124622,0.04309563,-0.007182605
900818507143608,0.007182605,0.007182605,-0.04309563
900818527210685,0.019153614,-0.0047884034,-0.045489833
900818547279031,0.033518825,-0.031124622,0.0047884034
900818567351146,-0.038307227,0.0047884034,-0.0023942017
900818587422646,-0.021547815,0.0,-0.009576807
900818607499300,-0.0023942017,0.009576807,0.0
900818627569069,-0.023942016,-0.04309563,-0.055066638
900818647630800,0.0,0.031124622,-0.021547815
900818667695953,0.016759412,-0.107739076,-0.009576807
900818687770223,-0.011971008,0.093373865,-0.011971008
900818707843453,-0.06464344,-0.11252748,-0.1436521
900818727913722,0.0,0.0047884034,-0.06943185
900818747985338,-0.05267244,-0.019153614,-0.033518825
900818768060838,-0.0047884034,0.009576807,-0.035913024
900818788133568,0.0,-0.033518825,-0.055066638
900818808199645,-0.016759412,0.0,-0.079008654
900818828271222,-0.007182605,0.023942016,-0.059855044
900818848332568,0.031124622,-0.088585466,-0.011971008
900818868398453,0.011971008,-0.033518825,-0.035913024
900818888464260,0.0047884034,0.055066638,-0.06464344
900818908536991,0.011971008,-0.021547815,-0.059855044
900818928611106,-0.035913024,-0.110133275,-0.06943185
900818948691760,0.019153614,0.01436521,-0.1436521
900818968777760,0.0047884034,-0.019153614,-0.021547815
900818988861529,0.023942016,-0.06464344,-0.08619126
900819008941068,0.047884032,0.009576807,-0.1436521
900819029017144,0.04070143,0.033518825,0.0047884034
900819049089183,0.0,-0.023942016,-0.10534488
900819069159567,0.0023942017,0.055066638,-0.02873042
900819089234529,0.05746084,-0.04309563,0.076614454
900819109299452,0.0023942017,-0.02633622,-0.06943185
900819129361067,-0.031124622,0.076614454,-0.08619126
900819149423567,-0.016759412,-0.08140286,0.035913024
900819169494452,-0.0023942017,0.01436521,0.0023942017
900819189566490,0.05267244,0.011971008,-0.088585466
900819209642644,0.035913024,-0.01436521,-0.09816227
900819229720297,0.05746084,0.02633622,-0.0023942017
900819249804028,0.007182605,-0.021547815,-0.059855044
900819269881259,-0.038307227,-0.047884032,-0.15083471
900819289947990,0.01436521,0.04070143,-0.12928689
900819310021489,0.14844051,-0.059855044,0.10534488
900819330105182,-0.079008654,-0.055066638,-0.18435353
900819350178797,0.06464344,0.019153614,-0.20829555
900819370258066,-0.15801731,0.062249243,0.12928689
900819390337220,-0.009576807,-0.08619126,0.019153614
900819410418835,0.11252748,-0.009576807,-0.10055647
900819430504027,0.062249243,-0.08379706,-0.04070143
900819450580258,0.059855044,-0.06943185,0.12689269
900819470653989,-0.02873042,0.055066638,-0.079008654
900819490729643,-0.1412579,-0.007182605,-0.009576807
900819510808181,0.011971008,-0.062249243,-0.02873042
900819530895296,0.06464344,0.023942016,-0.110133275
900819550970412,0.076614454,0.0047884034,-0.06943185
900819571042796,0.009576807,0.035913024,0.07182605
900819591128450,-0.06464344,-0.20111294,0.045489833
900819611201565,0.05746084,0.023942016,-0.36870706
900819631269065,-0.12210429,0.050278235,-0.14604631
900819651336334,0.007182605,-0.09816227,0.1436521
900819671406373,0.062249243,-0.009576807,-0.14604631
900819691477103,-0.033518825,0.12928689,-0.12449849
900819711540411,0.0047884034,-0.023942016,0.0
900819731616449,-0.076614454,-0.059855044,0.107739076
900819751693488,0.016759412,0.0047884034,-0.18674773
900819771772488,0.038307227,0.045489833,-0.035913024
900819791847218,-0.038307227,-0.011971008,0.02633622
900819811927103,0.038307227,-0.04309563,-0.062249243
900819832006987,0.0023942017,0.0,0.023942016
900819852075872,-0.06703765,-0.06703765,-0.090979666
900819872155872,-0.0047884034,0.021547815,-0.05267244
900819892222026,-0.055066638,0.0,-0.019153614
900819912300718,0.050278235,0.031124622,-0.033518825
900819932370718,0.047884032,-0.04309563,-0.02873042
900819952452218,0.021547815,-0.059855044,-0.033518825
900819972526718,-0.023942016,0.007182605,-0.021547815
900819992603025,-0.011971008,0.02633622,0.01436521
900820012684718,0.011971008,0.055066638,-0.033518825
900820032763371,0.021547815,-0.06703765,0.011971008
900820052843025,-0.076614454,0.019153614,-0.045489833
900820072931794,0.007182605,-0.02873042,-0.047884032
900820093017410,-0.021547815,-0.074220255,-0.06464344
900820113094448,-0.011971008,0.009576807,-0.04070143
900820133165717,0.02633622,-0.059855044,-0.1436521
900820153247409,0.011971008,-0.074220255,-0.035913024
900820173326909,0.023942016,-0.01436521,-0.12449849
900820193408794,0.011971008,-0.023942016,0.02633622
900820213489217,0.023942016,-0.08379706,-0.047884032
900820233557524,-0.0023942017,-0.0023942017,-0.079008654
900820253631447,0.01436521,-0.02633622,-0.06703765
900820273704717,-0.038307227,-0.08379706,-0.009576807
900820293780216,0.05267244,0.009576807,-0.059855044
900820313852139,-0.023942016,-0.007182605,-0.019153614
900820333922832,-0.04070143,-0.009576807,-0.074220255
900820353984332,-0.11731588,0.0,-0.06943185
900820374041793,0.02633622,-0.08140286,-0.093373865
900820394099908,0.076614454,-0.007182605,0.016759412
900820414168831,0.0023942017,0.009576807,-0.02873042
900820434238408,-0.033518825,0.023942016,-0.045489833
900820454305639,-0.047884032,-0.01436521,-0.02873042
900820474378139,0.045489833,0.0023942017,-0.0047884034
900820494451600,0.035913024,-0.04070143,-0.023942016
900820514520369,0.04309563,0.02873042,-0.059855044
900820534577062,0.023942016,-0.0023942017,-0.10534488
900820554644139,-0.02873042,-0.009576807,-0.019153614
900820574699985,0.016759412,-0.04309563,-0.055066638
900820594764600,0.0047884034,-0.04070143,-0.033518825
900820614825177,0.05267244,-0.021547815,-0.031124622
900820634902561,-0.04309563,-0.011971008,0.0
900820654971715,0.01436521,-0.007182605,-0.047884032
900820675038753,0.021547815,0.0,-0.031124622
900820695114561,0.0023942017,-0.088585466,-0.050278235
900820715199907,0.023942016,-0.007182605,-0.08619126
900820735297561,-0.0023942017,0.016759412,0.0047884034
900820755386022,0.059855044,-0.035913024,-0.011971008
900820775471022,0.07182605,0.01436521,-0.031124622
900820795542061,-0.033518825,-0.007182605,-0.04309563
900820815615330,0.062249243,-0.035913024,-0.05267244
900820835688945,0.01436521,-0.031124622,-0.009576807
900820855763560,0.019153614,0.0,-0.04309563
900820875840983,0.047884032,0.011971008,-0.059855044
900820895916791,-0.06464344,-0.06464344,-0.055066638
900820915986214,-0.011971008,-0.074220255,-0.047884032
900820936054560,-0.019153614,0.031124622,-0.050278235
900820956125637,-0.009576807,0.02633622,-0.059855044
900820976199137,0.011971008,-0.01436521,-0.02633622
900820996276021,0.009576807,-0.023942016,-0.02873042
900821016348637,-0.076614454,0.076614454,-0.01436521
900821036414291,0.05746084,0.0,-0.05746084
900821056485329,0.011971008,0.0,-0.016759412
900821076559983,0.009576807,0.021547815,-0.062249243
900821096639252,0.04070143,0.016759412,-0.035913024
900821116717944,-0.021547815,-0.033518825,-0.06464344
900821136794136,0.02633622,-0.090979666,-0.107739076
900821156867482,0.02633622,-0.0047884034,-0.009576807
900821176940752,0.011971008,-0.02633622,-0.02633622
900821197012098,0.0,-0.011971008,-0.031124622
900821217086482,0.0,-0.035913024,-0.04070143
900821237171713,0.021547815,-0.007182605,0.009576807
900821257248520,-0.016759412,-0.009576807,-0.05267244
900821277321328,-0.021547815,0.01436521,-0.02873042
900821297397636,0.0,-0.05746084,-0.05746084
900821317470328,0.01436521,0.009576807,-0.06464344
900821337537289,-0.035913024,0.01436521,-0.0047884034
900821357605751,0.031124622,0.009576807,-0.031124622
900821377678482,0.0,0.019153614,-0.04070143
900821397750058,0.0,-0.009576807,0.0023942017
900821417827981,0.016759412,0.019153614,0.011971008
900821437902251,-0.009576807,-0.0023942017,-0.019153614
900821457991327,-0.007182605,-0.0023942017,0.0
900821478054289,0.021547815,0.0023942017,-0.031124622
900821498124789,0.038307227,-0.0047884034,-0.033518825
900821518192212,0.0,-0.06464344,-0.02873042
900821538269904,0.01436521,-0.019153614,-0.016759412
900821558341250,0.0,0.0,-0.055066638
900821578421442,0.009576807,-0.045489833,-0.107739076
900821598493096,0.04070143,0.02633622,-0.02873042
900821618565211,0.04309563,-0.016759412,-0.04070143
900821638648788,-0.038307227,-0.023942016,-0.04070143
900821658716750,-0.038307227,-0.033518825,-0.033518825
900821678790634,0.033518825,-0.02873042,-0.038307227
900821698869673,0.033518825,0.0,-0.04070143
900821718939134,0.01436521,-0.02873042,-0.045489833
900821739007980,0.04309563,-0.009576807,-0.088585466
900821759084826,0.035913024,-0.038307227,-0.01436521
900821779153788,-0.02633622,0.035913024,-0.050278235
900821799230788,0.021547815,0.0,-0.023942016
900821819309634,0.016759412,-0.019153614,-0.019153614
900821839388211,-0.047884032,0.009576807,-0.038307227
900821859462941,0.05746084,-0.0023942017,-0.05267244
900821879545287,0.045489833,0.009576807,-0.016759412
900821899629441,0.038307227,0.01436521,-0.038307227
900821919714749,-0.021547815,-0.0023942017,-0.10295067
900821939801018,0.0023942017,-0.02873042,-0.050278235
900821959885402,0.02633622,-0.05746084,-0.009576807
900821979970518,0.021547815,0.033518825,-0.074220255
900822000063941,0.0023942017,0.02633622,-0.04070143
900822020166671,0.0023942017,-0.062249243,-0.08379706
900822040254479,-0.021547815,0.0023942017,-0.038307227
900822060342556,-0.016759412,0.02633622,-0.050278235
900822080428556,-0.007182605,-0.023942016,-0.055066638
900822100510787,0.0023942017,0.009576807,-0.04309563
900822120588248,0.033518825,-0.033518825,-0.02873042
900822140673709,0.016759412,-0.0047884034,-0.04070143
900822160766402,-0.038307227,0.016759412,-0.07182605
900822180845209,-0.007182605,-0.047884032,-0.01436521
900822200919209,0.019153614,0.019153614,-0.02633622
900822220995786,0.011971008,0.0023942017,0.009576807
900822241077209,0.07182605,-0.050278235,-0.05746084
900822261150709,-0.0047884034,0.011971008,-0.055066638
900822281223709,-0.01436521,0.04070143,-0.021547815
900822301293593,0.02873042,-0.019153614,-0.074220255
900822321373940,-0.062249243,0.0,-0.033518825
900822341452901,-0.035913024,0.0047884034,-0.01436521
900822361526824,0.0023942017,-0.019153614,-0.031124622
900822381602555,-0.031124622,0.0,-0.019153614
900822401680170,0.02633622,-0.090979666,-0.076614454
900822421770247,-0.02633622,-0.007182605,0.0023942017
900822441863285,-0.01436521,0.016759412,-0.009576807
900822461951401,0.009576807,-0.01436521,-0.019153614
900822482037631,0.019153614,-0.009576807,-0.059855044
900822502120862,0.019153614,0.059855044,0.007182605
900822522191054,-0.0047884034,-0.023942016,-0.016759412
900822542260977,0.0047884034,0.0,-0.02873042
900822562338092,0.02633622,-0.045489833,-0.076614454
900822582407785,0.059855044,-0.011971008,-0.062249243
900822602487977,0.01436521,-0.023942016,-0.06943185
900822622562977,0.011971008,-0.01436521,-0.062249243
900822642640554,-0.035913024,0.055066638,-0.031124622
900822662718938,-0.007182605,0.0,-0.062249243
900822682801323,0.01436521,-0.009576807,-0.01436521
900822702877053,0.0047884034,-0.009576807,-0.04309563
900822722939515,0.0023942017,0.04070143,0.0
900822743008284,-0.031124622,0.016759412,-0.02633622
900822763080784,-0.062249243,0.0047884034,-0.12689269
900822783162092,0.038307227,-0.033518825,-0.074220255
900822803235092,-0.016759412,-0.007182605,-0.009576807
900822823313630,0.007182605,0.0,-0.033518825
900822843384476,0.011971008,0.04070143,-0.033518825
900822863461207,0.02873042,0.02633622,-0.0047884034
900822883536745,-0.0023942017,-0.011971008,-0.019153614
900822903609822,0.079008654,0.050278235,-0.045489833
900822923685706,0.050278235,-0.045489833,-0.047884032
900822943752437,0.0,-0.05267244,-0.055066638
900822963824591,0.0023942017,-0.059855044,-0.021547815
900822983892706,0.050278235,-0.02873042,-0.05746084
900823003959937,0.02873042,0.023942016,0.021547815
900823024026129,0.021547815,0.04309563,-0.04070143
900823044086552,-0.02633622,-0.011971008,-0.016759412
900823064150206,0.031124622,0.009576807,-0.055066638
900823084217475,0.011971008,0.01436521,-0.08379706
900823104292167,0.038307227,0.019153614,-0.074220255
900823124364936,0.023942016,-0.035913024,-0.038307227
900823144438975,-0.009576807,-0.047884032,-0.055066638
900823164517359,0.06703765,-0.0047884034,-0.08140286
900823184590475,0.0023942017,0.02873042,-0.016759412
900823204654436,-0.023942016,-0.02633622,-0.033518825
900823224728475,-0.016759412,-0.009576807,-0.062249243
900823244798859,-0.009576807,0.04070143,-0.035913024
900823264868359,-0.038307227,0.011971008,-0.033518825
900823284941897,0.007182605,0.007182605,-0.04070143
900823305020974,0.0,-0.02633622,-0.035913024
900823325107359,0.007182605,-0.04309563,-0.055066638
900823345190359,-0.02873042,0.007182605,-0.07182605
900823365255282,0.038307227,0.02633622,-0.033518825
900823385316666,0.016759412,0.0,-0.055066638
900823405389320,-0.02633622,-0.055066638,-0.076614454
900823425465551,0.007182605,-0.007182605,-0.059855044
900823445534628,-0.02873042,-0.0023942017,-0.04070143
900823465606358,-0.021547815,0.019153614,-0.031124622
900823485687397,-0.05746084,0.0023942017,-0.019153614
900823505759589,0.0023942017,-0.009576807,-0.021547815
900823525838281,0.007182605,-0.04070143,-0.047884032
900823545925781,-0.011971008,0.0,-0.08619126
900823566005550,0.011971008,0.033518825,-0.05267244
900823586091165,0.02633622,0.0,-0.074220255
900823606164358,-0.02633622,0.007182605,-0.038307227
900823626248665,0.016759412,0.016759412,-0.06943185
900823646328665,0.0047884034,-0.009576807,-0.074220255
900823666412473,-0.0023942017,-0.016759412,-0.05267244
900823686482704,0.02873042,-0.07182605,-0.047884032
900823706556588,-0.011971008,-0.0047884034,0.0023942017
900823726637588,-0.033518825,0.021547815,-0.11971009
900823746711126,0.009576807,0.007182605,-0.02633622
900823766782357,0.009576807,-0.035913024,-0.009576807
900823786857819,-0.021547815,0.009576807,-0.05267244
900823806931549,0.047884032,0.0,-0.04309563
900823827005972,0.033518825,0.033518825,-0.02633622
900823847068011,-0.035913024,-0.009576807,0.0023942017
900823867138126,0.009576807,-0.019153614,-0.035913024
900823887209357,0.007182605,-0.023942016,-0.06464344
900823907282318,-0.06703765,0.0047884034,-0.009576807
900823927364318,0.019153614,0.0047884034,-0.04070143
900823947448510,-0.04070143,-0.009576807,-0.05746084
900823967520856,-0.038307227,-0.033518825,-0.05267244
900823987589356,0.0023942017,0.0047884034,-0.033518825
900824007658433,-0.0023942017,-0.01436521,-0.088585466
900824027743010,-0.033518825,-0.007182605,-0.011971008
900824047829741,0.0,-0.023942016,-0.06464344
900824067921471,0.01436521,-0.033518825,-0.05267244
